﻿Field Name,Data Type,Description,Note
user_id,string,Unique user identification number,
Date received,date,Date complaint was received,
Product,category,Product user filed a complaint about,Subset of consumer loans
Issue,category,Type of issue the complaint falls under,
Consumer complaint narrative,string,Written detail of the user's complaint,
State,string,U.S. state of the user's address,
ZIP code,string,U.S. ZIP code of the user's address,
Submitted via,category,Method user took to file the complaint,
Date sent to company,date,Date user filed the complaint,
Company response to consumer,category,How the issue was resolved by the bank,
Timely response?,binary,Did the bank issue a timely response to the complaint?,
Consumer disputed?,binary,Did the customer dispute the bank's response?,
Complaint ID,number,Unique complaint identification number,
