﻿Field Name,Data Type,Description,Note
user_id,string,Unique user identification number,
age,number,Age of the user,
job,category,User's type of job,
marital,category,User's marital status,Divorced means divorced or widowed
education,category,User's level of education,
default,binary,Has user defaulted on a loan?,
housing,binary,Does user have a housing loan?,
loan,binary,Does user have a personal loan?,
contact,category,User's method of communication with organization,
duration,number,Duration of last contact session with user,In seconds
campaign,number,Number of times user was contacted for the current marketing campaign,
pdays,number,Number of days passed after user was contacted from previous campaign,999 means client was not previously contacted
previous,number,Number of times user was contacted prior to current campaign,
poutcome,category,Success/failure outcome of previous campaign,
term_deposit,binary,Has client signed up for term deposit?,
date_joined,date,Date user signed up for account,
