unit_id,model_id,grid_x,grid_y,vram_usage,temp,response_latency,status,time
A-0007,4090,7,0,0.1722,17.590395551990024,102.0,OK,2021-06-18 00:07:40
A-0007,4090,7,0,0.5296,43.45677011504327,107.0,OK,2021-06-18 00:15:44
A-0007,4090,7,0,0.8817,52.762711669599724,102.0,WARNING,2021-06-18 00:43:33
A-0007,4090,7,0,0.2175,25.67431905287205,108.0,OK,2021-06-18 01:35:35
A-0007,4090,7,0,0.73,43.851165573720664,98.0,OK,2021-06-18 01:46:06
A-0007,4090,7,0,0.3604,40.06330698212658,89.0,OK,2021-06-18 01:49:15
A-0007,4090,7,0,0.2245,30.23740485753497,92.0,OK,2021-06-18 02:18:16
A-0007,4090,7,0,0.4889,40.439541904195494,,OK,2021-06-18 02:23:01
A-0007,4090,7,0,0.2588,24.639294678127378,104.0,OK,2021-06-18 03:41:40
A-0007,4090,7,0,0.4567,37.85745058136301,112.0,OK,2021-06-18 04:26:29
A-0007,4090,7,0,0.1239,31.466295220964888,98.0,OK,1623990548000000000
A-0007,4090,7,0,0.1234,27.589992225976808,99.0,OK,2021-06-18 04:33:43
A-0007,4090,7,0,0.5331,34.28677136731419,117.0,OK,2021-06-18 04:34:16
A-0007,4090,7,0,0.5077,45.16045212144298,100.0,OK,2021-06-18 04:56:01
A-0007,4090,7,0,0.8676,55.24153366855365,102.0,WARNING,2021-06-18 05:24:47
A-0007,4090,7,0,0.5896,43.329717804853296,,OK,2021-06-18 05:27:55
A-0007,4090,7,0,0.0706,23.384208790660182,94.0,OK,2021-06-18 05:47:47
A-0007,4090,7,0,0.2733,35.29779682667061,108.0,OK,2021-06-18 05:52:16
A-0007,4090,7,0,0.7759,57.95206584930507,98.0,WARNING,2021-06-18 06:00:29
A-0007,4090,7,0,0.9437,57.32076907045656,100.0,WARNING,2021-06-18 06:33:29
A-0007,4090,7,0,0.5249,41.663526937462095,97.0,OK,2021-06-18 07:04:24
A-0007,4090,7,0,0.6519,37.839970932649734,104.0,OK,2021-06-18 07:26:38
A-0007,4090,7,0,0.4861,47.78673278351995,93.0,OK,2021-06-18 08:31:50
A-0007,4090,7,0,0.2529,20.404808417321785,106.0,OK,2021-06-18 08:46:15
A-0007,4090,7,0,0.982,58.60890139745939,106.0,WARNING,2021-06-18 11:39:06
A-0007,4090,7,0,0.4253,31.627794954765506,94.0,OK,2021-06-18 11:49:09
A-0007,4090,7,0,0.5964,46.60727972617969,94.0,OK,2021-06-18 13:05:52
A-0007,4090,7,0,0.6371,51.448071170274574,100.0,WARNING,2021-06-18 13:31:31
A-0007,4090,7,0,0.7242,56.29454194836556,103.0,WARNING,2021-06-18 13:38:10
A-0007,4090,7,0,0.59,46.67399508633347,93.0,OK,2021-06-18 14:31:02
A-0007,4090,7,0,0.3572,39.57768154295684,98.0,OK,2021-06-18 15:02:55
A-0007,4090,7,0,0.6335,48.0559952475689,112.0,OK,2021-06-18 15:17:27
A-0007,4090,7,0,0.1238,28.810241198222904,91.0,OK,2021-06-18 15:24:24
A-0007,4090,7,0,0.5967,36.853057194669475,77.0,OK,2021-06-18 15:26:45
A-0007,4090,7,0,0.9381,54.645295737196584,94.0,WARNING,2021-06-18 16:17:32
A-0007,4090,7,0,0.0111,23.27675068162604,107.0,OK,2021-06-18 16:23:55
A-0007,4090,7,0,0.478,38.88929961535764,97.0,OK,2021-06-18 16:31:03
A-0007,4090,7,0,0.3159,35.945428920420774,106.0,OK,2021-06-18 17:24:48
A-0007,4090,7,0,0.3866,41.24845245174388,93.0,OK,2021-06-18 17:56:47
A-0007,4090,7,0,0.8128,49.42338973539319,97.0,OK,2021-06-18 18:02:14
A-0007,4090,7,0,0.5106,31.510806739715264,98.0,OK,2021-06-18 18:05:20
A-0007,4090,7,0,0.3135,39.63701771502116,107.0,OK,2021-06-18 18:32:47
A-0007,4090,7,0,0.2965,25.534250329151618,99.0,OK,2021-06-18 19:42:15
A-0007,4090,7,0,0.2714,28.175197663779407,97.0,OK,2021-06-18 20:08:26
A-0007,4090,7,0,0.6832,54.29603321959847,100.0,WARNING,2021-06-18 20:23:59
A-0007,4090,7,0,0.2581,31.224734577214807,109.0,OK,2021-06-18 20:46:45
A-0007,4090,7,0,0.9453,51.13923145882461,96.0,WARNING,2021-06-18 20:51:18
A-0007,4090,7,0,0.913,60.2443599672014,110.0,WARNING,2021-06-18 20:52:04
A-0007,4090,7,0,0.6082,4208.080806156974,89.0,OK,2021-06-18 21:35:17
A-0007,4090,7,0,0.6579,46.945807535138144,93.0,OK,2021-06-18 22:17:28
A-0007,4090,7,0,0.7116,45.8067938871425,101.0,OK,2021-06-18 22:21:22
A-0007,4090,7,0,0.1296,28.839552976110518,108.0,OK,2021-06-18 23:50:23
A-0023,H100,23,0,0.0984,27.763506904934474,103.0,OK,2021-06-18 00:46:58
A-0023,H100,23,0,0.0347,27.145257880110133,97.0,OK,2021-06-18 01:21:47
A-0023,H100,23,0,0.0879,23.149377915849236,110.0,OK,2021-06-18 01:55:46
A-0023,H100,23,0,0.5435,39.876701347705826,101.0,OK,2021-06-18 02:02:58
A-0023,H100,23,0,0.601,49.95129166513946,91.0,OK,2021-06-18 02:05:43
A-0023,H100,23,0,0.0588,21.299812900218,106.0,OK,2021-06-18 02:10:23
A-0023,H100,23,0,0.1095,16.971077331706923,102.0,OK,2021-06-18 02:42:00
A-0023,H100,23,0,0.037,15.72227447567943,87.0,OK,2021-06-18 03:25:12
A-0023,H100,23,0,0.3266,35.97665333878325,118.0,OK,2021-06-18 03:33:07
A-0023,H100,23,0,0.7123,51.10094194177138,104.0,WARNING,2021-06-18 03:40:25
A-0023,H100,23,0,0.8114,59.573664748251836,90.0,WARNING,2021-06-18 04:42:37
A-0023,H100,23,0,0.1859,33.12990689268381,92.0,OK,2021-06-18 05:00:45
A-0023,H100,23,0,0.8739,53.43483473786814,99.0,WARNING,2021-06-18 05:17:33
A-0023,H100,23,0,0.7974,52.642781706278626,95.0,WARNING,2021-06-18 05:50:16
A-0023,H100,23,0,0.083,22.72107164063603,95.0,OK,2021-06-18 05:54:58
A-0023,H100,23,0,,,-999.0,AAAAA,2021-06-18 06:12:24
A-0023,H100,23,0,0.2258,29.459436756335826,109.0,OK,2021-06-18 06:42:32
A-0023,H100,23,0,0.3763,31.644686657963852,,OK,2021-06-18 06:43:17
A-0023,H100,23,0,0.7799,49.590627777310345,109.0,OK,2021-06-18 08:21:32
A-0023,H100,23,0,0.1192,32.6131340380131,105.0,OK,2021-06-18 08:21:46
A-0023,H100,23,0,0.3942,36.98751503622685,98.0,OK,2021-06-18 08:30:08
A-0023,H100,23,0,0.5627,43.78631564908232,97.0,OK,2021-06-18 08:47:22
A-0023,H100,23,0,0.6553,50.162843140176236,108.0,WARNING,2021-06-18 09:19:46
A-0023,H100,23,0,0.1785,15.942137890198435,101.0,OK,2021-06-18 09:51:12
A-0023,H100,23,0,0.7357,51.96346139609463,103.0,WARNING,2021-06-18 09:53:25
A-0023,H100,23,0,0.0984,32.0134791824991,88.0,OK,2021-06-18 10:02:13
A-0023,H100,23,0,0.9262,58.95276192159376,78.0,WARNING,2021-06-18 10:48:34
A-0023,H100,23,0,,,-999.0,AAAAA,2021-06-18 11:25:57
A-0023,H100,23,0,0.4317,42.21803604466973,98.0,OK,2021-06-18 11:28:41
A-0023,H100,23,0,0.7665,55.166145132732076,113.0,WARNING,2021-06-18 12:04:57
A-0023,H100,23,0,0.024,25.435452459694723,98.0,OK,2021-06-18 12:14:17
A-0023,H100,23,0,0.7317,48.69305305479732,115.0,OK,2021-06-18 12:27:21
A-0023,H100,23,0,1.0,45.38976526017089,93.0,OK,2021-06-18 12:34:13
A-0023,H100,23,0,0.0152,25.772372295587566,99.0,OK,2021-06-18 12:43:57
A-0023,H100,23,0,0.0753,20.38057179316926,91.0,OK,2021-06-18 12:55:22
A-0023,H100,23,0,0.1677,21.663182419293467,105.0,OK,2021-06-18 14:34:50
A-0023,H100,23,0,0.5503,45.113323288551776,105.0,OK,2021-06-18 15:11:19
A-0023,H100,23,0,0.5289,46.137041518301714,104.0,OK,2021-06-18 16:19:14
A-0023,H100,23,0,0.7964,50.52588879359047,91.0,WARNING,2021-06-18 16:30:13
A-0023,H100,23,0,0.479,48.59404911663121,93.0,OK,2021-06-18 17:40:27
A-0023,H100,23,0,0.7919,48.65038327589329,96.0,OK,2021-06-18 18:03:25
A-0023,H100,23,0,0.2797,24.014997690238808,90.0,OK,2021-06-18 18:52:55
A-0023,H100,23,0,0.433,32.56944465060667,106.0,OK,2021-06-18 19:02:19
A-0023,H100,23,0,0.6787,51.5856774169522,94.0,WARNING,2021-06-18 19:07:59
A-0023,H100,23,0,0.8505,51.96406161591918,96.0,WARNING,2021-06-18 19:42:28
A-0023,H100,23,0,0.6118,34.61402981610371,101.0,OK,2021-06-18 19:42:44
A-0023,H100,23,0,0.1453,20.928616828457955,108.0,OK,2021-06-18 20:13:04
A-0023,H100,23,0,0.2198,30.851833491408993,97.0,OK,2021-06-18 20:17:23
A-0023,H100,23,0,0.9729,45.044594885134714,110.0,OK,2021-06-18 20:23:17
A-0023,H100,23,0,0.5821,51.46362188560594,102.0,WARNING,2021-06-18 21:01:13
A-0023,H100,23,0,0.5533,39.24914327084265,96.0,OK,2021-06-18 21:08:49
A-0023,H100,23,0,0.2917,34.41360934724186,92.0,OK,2021-06-18 21:19:32
A-0023,H100,23,0,0.1327,25.360852368949878,90.0,OK,2021-06-18 21:41:23
A-0023,H100,23,0,0.2264,23.494073696601763,121.0,OK,2021-06-18 21:55:21
A-0023,H100,23,0,0.1073,26.597919799682657,112.0,OK,2021-06-18 22:37:48
A-0023,H100,23,0,0.7763,52.78077273541088,109.0,WARNING,2021-06-18 22:39:26
A-0023,H100,23,0,0.8149,55.58514373646351,95.0,WARNING,2021-06-18 23:16:43
A-0044,A100,-1,99,0.4549,40.87561164615084,97.0,OK,2021-06-18 00:19:24
A-0044,A100,19,1,0.9877,54.73067539719365,111.0,WARNING,2021-06-18 00:39:32
A-0044,A100,19,1,0.2443,23.626950000539075,97.0,OK,2021-06-18 00:42:59
A-0044,A100,19,1,0.6887,49.996922504841734,102.0,OK,2021-06-18 00:48:21
A-0044,A100,19,1,0.7079,54.77291719653658,110.0,WARNING,2021-06-18 01:16:43
A-0044,A100,19,1,0.506,46.96827918513999,101.0,OK,2021-06-18 01:28:56
A-0044,A100,19,1,0.9749,57.208059249779325,106.0,WARNING,2021-06-18 01:42:06
A-0044,A100,19,1,0.6052,47.925744098751274,96.0,OK,2021-06-18 02:13:56
A-0044,A100,19,1,0.0392,19.74596496154758,105.0,OK,2021-06-18 02:24:01
A-0044,A100,19,1,0.3264,45.49134110474606,85.0,OK,2021-06-18 02:28:25
A-0044,A100,19,1,0.3526,34.95980159899447,96.0,OK,1623984296000000000
A-0044,A100,19,1,0.0141,21.21492268207101,102.0,OK,2021-06-18 02:49:01
A-0044,A100,19,1,0.236,34.552921608365814,108.0,OK,2021-06-18 03:25:07
A-0044,A100,19,1,0.86,52.4233817604773,98.0,WARNING,2021-06-18 03:33:04
A-0044,A100,19,1,0.8342,49.29078636739571,98.0,OK,2021-06-18 03:38:20
A-0044,A100,19,1,0.4197,37.138902493952884,,OK,2021-06-18 03:46:05
A-0044,A100,19,1,0.8796,51.067715493358946,98.0,WARNING,2021-06-18 04:19:54
A-0044,A100,19,1,,,-999.0,AAAAA,2021-06-18 04:36:38
A-0044,A100,19,1,0.2106,26.484878518061645,99.0,OK,2021-06-18 05:48:26
A-0044,A100,19,1,0.4149,32.71423175622344,105.0,OK,2021-06-18 05:55:55
A-0044,A100,19,1,0.89,54.33699386755608,124.0,WARNING,2021-06-18 07:03:00
A-0044,A100,19,1,0.1813,33.38937208281446,99.0,OK,2021-06-18 08:27:15
A-0044,A100,19,1,0.9403,63.38005788056145,93.0,WARNING,2021-06-18 08:52:36
A-0044,A100,19,1,0.8377,3904.937726641352,101.0,WARNING,2021-06-18 09:12:48
A-0044,A100,19,1,0.6242,40.62142269285293,112.0,OK,2021-06-18 11:15:37
A-0044,A100,19,1,0.1317,27.830201682496284,99.0,OK,2021-06-18 12:31:22
A-0044,A100,19,1,0.692,44.48955489459563,95.0,OK,2021-06-18 12:48:36
A-0044,A100,19,1,0.2638,31.153818897908064,116.0,OK,2021-06-18 13:30:59
A-0044,A100,19,1,0.4519,36.438903578989056,100.0,OK,2021-06-18 13:32:41
A-0044,A100,19,1,0.779,50.79515714891689,109.0,WARNING,2021-06-18 14:41:47
A-0044,A100,19,1,0.5159,39.7142386798614,105.0,OK,2021-06-18 15:06:33
A-0044,A100,19,1,,,-999.0,AAAAA,2021-06-18 17:57:17
A-0044,A100,19,1,0.342,35.938083646831124,101.0,OK,2021-06-18 17:59:28
A-0044,A100,19,1,0.9308,56.11153348515292,105.0,WARNING,2021-06-18 18:01:15
A-0044,A100,19,1,0.1095,23.54327547939353,105.0,OK,2021-06-18 18:05:09
A-0044,A100,19,1,0.4088,32.45535801813871,100.0,OK,2021-06-18 18:16:22
A-0044,A100,19,1,0.1267,25.808269514158308,104.0,OK,2021-06-18 19:12:59
A-0044,A100,19,1,0.2147,3925.823661079972,107.0,OK,2021-06-18 19:56:39
A-0044,A100,19,1,0.1265,25.123036741670653,103.0,OK,2021-06-18 20:59:36
A-0044,A100,19,1,0.1103,24.78579964655322,99.0,OK,2021-06-18 21:00:53
A-0044,A100,19,1,0.0816,18.824080789652342,88.0,OK,2021-06-18 21:21:38
A-0044,A100,19,1,0.5081,46.47903020104351,106.0,OK,2021-06-18 21:43:19
A-0044,A100,19,1,0.965,59.72145248584818,108.0,WARNING,2021-06-18 22:16:53
A-0087,4090,12,3,0.5538,42.803421467400064,105.0,OK,2021-06-18 00:00:05
A-0087,4090,12,3,0.9597,54.460387345876725,116.0,WARNING,2021-06-18 00:01:13
A-0087,4090,12,3,0.881,51.00401016747086,103.0,WARNING,2021-06-18 00:17:38
A-0087,4090,12,3,0.7652,46.804593547601385,98.0,OK,2021-06-18 00:37:58
A-0087,4090,12,3,0.921,51.329549458447374,101.0,WARNING,2021-06-18 00:52:23
A-0087,4090,12,3,0.5944,45.36921834311663,99.0,OK,2021-06-18 01:31:48
A-0087,4090,12,3,0.5252,51.03510996779049,102.0,WARNING,2021-06-18 02:07:41
A-0087,4090,12,3,0.3414,38.28184037578865,105.0,OK,2021-06-18 02:19:51
A-0087,4090,12,3,0.6188,36.99040137666775,87.0,OK,2021-06-18 02:20:48
A-0087,4090,12,3,0.7362,51.531722216375584,101.0,WARNING,2021-06-18 02:36:27
A-0087,4090,12,3,0.7945,4635.094471430301,91.0,WARNING,2021-06-18 03:58:18
A-0087,4090,12,3,0.2655,34.67799426213803,102.0,OK,2021-06-18 04:05:38
A-0087,4090,12,3,0.0619,15.862695270948198,103.0,OK,2021-06-18 04:27:56
A-0087,4090,12,3,0.4098,42.29708433371737,107.0,OK,2021-06-18 04:36:03
A-0087,4090,12,3,0.4618,37.03513639511963,,OK,2021-06-18 04:45:33
A-0087,4090,12,3,0.5702,41.89210690182689,94.0,OK,2021-06-18 06:04:05
A-0087,4090,12,3,0.7816,49.286728272226156,106.0,OK,2021-06-18 07:12:19
A-0087,4090,12,3,0.5914,41.89651816700659,93.0,OK,2021-06-18 07:29:10
A-0087,4090,12,3,0.9228,58.56159977038953,103.0,WARNING,2021-06-18 07:35:51
A-0087,4090,12,3,0.4093,29.29977244541487,107.0,OK,2021-06-18 08:10:39
A-0087,4090,12,3,0.3075,31.546338530092868,102.0,OK,2021-06-18 08:22:14
A-0087,4090,12,3,0.929,51.58396085935208,107.0,WARNING,2021-06-18 08:24:53
A-0087,4090,12,3,0.9274,55.91489865201423,103.0,WARNING,2021-06-18 08:45:57
A-0087,4090,12,3,0.3134,37.00477320902616,98.0,OK,2021-06-18 09:06:03
A-0087,4090,12,3,,,-999.0,AAAAA,2021-06-18 09:06:34
A-0087,4090,-1,99,0.7581,53.37418254813876,108.0,WARNING,2021-06-18 09:31:46
A-0087,4090,12,3,0.1219,12.403207394195556,110.0,OK,2021-06-18 09:59:50
A-0087,4090,12,3,0.1266,20.668513658813982,97.0,OK,2021-06-18 10:53:03
A-0087,4090,12,3,0.2356,28.62472453524068,101.0,OK,2021-06-18 12:10:00
A-0087,4090,12,3,0.1186,20.798668763565832,112.0,OK,2021-06-18 12:17:12
A-0087,4090,12,3,0.7774,52.19539812235206,101.0,WARNING,2021-06-18 12:50:46
A-0087,4090,12,3,0.8278,54.18708092149456,93.0,WARNING,2021-06-18 12:54:34
A-0087,4090,12,3,0.8842,49.084650952872956,106.0,OK,2021-06-18 13:01:37
A-0087,4090,12,3,0.9017,56.91866679905223,110.0,WARNING,2021-06-18 14:04:54
A-0087,4090,12,3,0.3013,32.93548620384691,100.0,OK,2021-06-18 15:46:14
A-0087,4090,12,3,0.0617,29.74827761681375,95.0,OK,2021-06-18 16:18:01
A-0087,4090,12,3,0.865,55.304712851404,87.0,WARNING,2021-06-18 16:31:54
A-0087,4090,12,3,0.663,47.21139997277418,92.0,OK,2021-06-18 16:34:12
A-0087,4090,12,3,0.9292,52.934249524397046,112.0,WARNING,2021-06-18 17:07:09
A-0087,4090,12,3,0.9052,56.46580047017432,99.0,WARNING,2021-06-18 17:53:52
A-0087,4090,12,3,0.8975,53.55361691304585,104.0,WARNING,2021-06-18 18:55:06
A-0087,4090,12,3,0.7025,51.56209727068218,110.0,WARNING,2021-06-18 19:16:18
A-0087,4090,12,3,0.9284,61.277065049676665,,WARNING,2021-06-18 20:07:27
A-0087,4090,12,3,0.4284,35.64887630145088,103.0,OK,2021-06-18 20:29:28
A-0087,4090,12,3,0.7974,49.32761662556328,91.0,OK,2021-06-18 20:42:00
A-0087,4090,12,3,0.8331,54.26675878536694,94.0,WARNING,2021-06-18 21:01:40
A-0087,4090,12,3,0.3612,39.525851847404596,95.0,OK,2021-06-18 21:40:15
A-0087,4090,12,3,0.1486,4421.011544448542,101.0,OK,2021-06-18 21:48:26
A-0087,4090,12,3,0.8961,63.28779735233921,92.0,WARNING,2021-06-18 22:06:23
A-0087,4090,12,3,0.3074,31.896715309264554,114.0,OK,2021-06-18 22:24:55
A-0087,4090,12,3,0.4249,4430.520198833037,104.0,OK,2021-06-18 22:27:40
A-0087,4090,12,3,0.556,40.39768281367304,94.0,OK,2021-06-18 23:17:27
A-0087,4090,12,3,0.7958,54.09102983410773,98.0,WARNING,2021-06-18 23:37:25
A-0231,H100,6,9,0.453,40.15751792063601,97.0,OK,2021-06-18 00:37:09
A-0231,H100,6,9,0.5899,44.363504580919304,94.0,OK,2021-06-18 00:44:03
A-0231,H100,6,9,0.5088,46.35813234293928,96.0,OK,2021-06-18 00:45:26
A-0231,H100,6,9,0.2191,21.761030279568807,117.0,OK,2021-06-18 01:00:10
A-0231,H100,6,9,0.2135,24.19762415759309,104.0,OK,2021-06-18 01:01:41
A-0231,H100,6,9,0.2244,31.889587067417004,95.0,OK,2021-06-18 02:21:28
A-0231,H100,6,9,0.9871,65.86744913462626,92.0,WARNING,2021-06-18 03:08:14
A-0231,H100,6,9,0.4409,41.1206571828025,99.0,OK,2021-06-18 03:52:14
A-0231,H100,6,9,0.9458,63.50939027754753,88.0,WARNING,2021-06-18 04:01:11
A-0231,H100,6,9,0.2171,33.676472431357205,87.0,OK,2021-06-18 04:01:37
A-0231,H100,6,9,0.7921,4187.335165192755,116.0,OK,2021-06-18 05:47:45
A-0231,H100,6,9,0.2791,34.609891593650225,100.0,OK,2021-06-18 05:50:51
A-0231,H100,6,9,0.9616,56.716153394787234,94.0,WARNING,2021-06-18 07:34:04
A-0231,H100,6,9,0.6773,47.866257821786604,102.0,OK,2021-06-18 07:39:39
A-0231,H100,6,9,0.5672,50.531544524402946,90.0,WARNING,2021-06-18 07:43:30
A-0231,H100,6,9,0.069,20.375335703608815,90.0,OK,2021-06-18 07:57:42
A-0231,H100,6,9,0.4372,25.798474356741348,105.0,OK,2021-06-18 08:16:15
A-0231,H100,6,9,0.7083,50.897251079817735,90.0,WARNING,2021-06-18 08:58:24
A-0231,H100,6,9,0.2176,4315.166790226505,111.0,OK,2021-06-18 09:37:05
A-0231,H100,6,9,0.6247,40.36516574389519,89.0,OK,2021-06-18 09:49:25
A-0231,H100,6,9,0.4086,41.755302085123176,92.0,OK,2021-06-18 10:03:53
A-0231,H100,6,9,0.805,51.743087860911075,91.0,WARNING,2021-06-18 10:11:16
A-0231,H100,6,9,0.8431,52.885080380238286,107.0,WARNING,2021-06-18 10:26:51
A-0231,H100,6,9,0.0655,18.213625293411805,104.0,OK,2021-06-18 10:49:27
A-0231,H100,6,9,0.0384,13.619383480867143,105.0,OK,2021-06-18 11:18:39
A-0231,H100,6,9,0.2481,26.986603918337252,110.0,OK,2021-06-18 12:14:18
A-0231,H100,6,9,0.6714,32.95308887397551,99.0,OK,2021-06-18 12:45:45
A-0231,H100,6,9,0.1383,28.277660573500725,105.0,OK,2021-06-18 13:09:59
A-0231,H100,6,9,0.7009,43.63779311631354,107.0,OK,2021-06-18 14:21:54
A-0231,H100,6,9,0.9879,64.92360458351189,93.0,WARNING,2021-06-18 14:30:05
A-0231,H100,6,9,0.9345,63.689718434205474,101.0,WARNING,2021-06-18 15:00:26
A-0231,H100,6,9,0.8985,59.71338371059843,102.0,WARNING,2021-06-18 15:16:22
A-0231,H100,6,9,0.9948,52.85005225969287,106.0,WARNING,2021-06-18 16:15:51
A-0231,H100,6,9,0.997,62.91060590974121,113.0,WARNING,2021-06-18 16:45:55
A-0231,H100,6,9,0.2615,38.787869299524644,95.0,OK,2021-06-18 16:48:23
A-0231,H100,6,9,0.5598,48.44672959944399,101.0,OK,2021-06-18 17:15:01
A-0231,H100,6,9,0.567,36.03065661975671,101.0,OK,2021-06-18 18:08:55
A-0231,H100,6,9,0.2034,24.680247145670442,102.0,OK,2021-06-18 18:16:51
A-0231,H100,6,9,0.6122,48.75305916442633,91.0,OK,2021-06-18 18:22:31
A-0231,H100,6,9,0.0609,26.399964801038728,97.0,OK,2021-06-18 18:32:48
A-0231,H100,6,9,0.1977,21.769223885623937,85.0,OK,2021-06-18 18:50:21
A-0231,H100,6,9,0.888,55.96233939271284,109.0,WARNING,2021-06-18 19:02:29
A-0231,H100,6,9,0.6857,45.694488213815625,107.0,OK,2021-06-18 19:23:35
A-0231,H100,6,9,0.4533,4453.007634011366,99.0,OK,2021-06-18 20:09:07
A-0231,H100,6,9,0.5354,39.796832816555366,105.0,OK,2021-06-18 21:03:30
A-0231,H100,6,9,0.7092,48.333588978413125,111.0,OK,2021-06-18 21:13:20
A-0231,H100,6,9,0.1173,17.557287536377956,110.0,OK,2021-06-18 21:39:53
A-0231,H100,6,9,0.6778,45.65024474290328,99.0,OK,2021-06-18 22:48:09
A-0231,H100,6,9,0.4736,46.13137329338945,98.0,OK,2021-06-18 23:47:22
A-0234,T5,9,9,0.4665,27.034419704898458,97.0,OK,2021-06-18 00:18:40
A-0234,T5,9,9,0.7984,55.451053651330284,109.0,WARNING,2021-06-18 00:31:53
A-0234,T5,9,9,0.225,23.368132140557254,92.0,OK,2021-06-18 01:24:14
A-0234,T5,9,9,,,,AAAAA,2021-06-18 01:36:40
A-0234,T5,9,9,0.7405,45.28916303955239,101.0,OK,2021-06-18 01:57:25
A-0234,T5,9,9,0.4861,39.64337218999089,91.0,OK,2021-06-18 02:42:05
A-0234,T5,9,9,0.0254,14.295516070161375,96.0,OK,2021-06-18 02:50:33
A-0234,T5,9,9,0.5064,40.799782864350135,95.0,OK,2021-06-18 03:34:16
A-0234,T5,9,9,0.188,30.735450802056523,97.0,OK,2021-06-18 04:02:52
A-0234,T5,9,9,,,-999.0,AAAAA,2021-06-18 04:10:15
A-0234,T5,9,9,0.8548,47.15603910980575,121.0,OK,2021-06-18 05:05:48
A-0234,T5,9,9,0.1441,15.41809707061672,104.0,OK,2021-06-18 06:11:35
A-0234,T5,9,9,0.2371,24.538801510987653,96.0,OK,2021-06-18 06:24:02
A-0234,T5,9,9,0.2545,23.534774918411188,100.0,OK,2021-06-18 06:25:06
A-0234,T5,9,9,0.2482,25.16643778661207,89.0,OK,2021-06-18 07:08:20
A-0234,T5,9,9,,,-999.0,AAAAA,2021-06-18 07:14:08
A-0234,T5,9,9,0.9273,51.6163665838864,91.0,WARNING,2021-06-18 08:42:12
A-0234,T5,9,9,0.2269,22.34329647307829,92.0,OK,2021-06-18 09:04:00
A-0234,T5,9,9,0.0132,24.925053517477476,98.0,OK,2021-06-18 09:24:58
A-0234,T5,9,9,0.1973,23.309158910153624,97.0,OK,2021-06-18 10:07:58
A-0234,T5,9,9,0.541,47.86398848957022,111.0,OK,2021-06-18 10:11:47
A-0234,T5,9,9,0.816,54.43820180120143,96.0,WARNING,2021-06-18 10:22:49
A-0234,T5,9,9,0.7032,51.88995266093617,94.0,WARNING,2021-06-18 10:31:37
A-0234,T5,9,9,0.8347,53.45113581269951,97.0,WARNING,2021-06-18 11:44:20
A-0234,T5,9,9,0.3448,31.987133765538697,94.0,OK,2021-06-18 12:04:46
A-0234,T5,9,9,0.1568,19.793325480927017,,OK,2021-06-18 12:20:59
A-0234,T5,9,9,0.5587,41.35771252778499,86.0,OK,2021-06-18 12:27:19
A-0234,T5,9,9,0.767,45.130788502402794,106.0,OK,2021-06-18 12:31:25
A-0234,T5,9,9,0.8443,58.57775642593264,95.0,WARNING,2021-06-18 12:47:49
A-0234,T5,9,9,0.7264,46.33424425656446,109.0,OK,2021-06-18 12:51:49
A-0234,T5,9,9,1.0,18.80382129720786,100.0,OK,2021-06-18 14:23:22
A-0234,T5,9,9,0.9243,58.06847365960982,101.0,WARNING,2021-06-18 15:11:48
A-0234,T5,9,9,0.2422,29.646927958757136,96.0,OK,2021-06-18 15:44:56
A-0234,T5,9,9,0.9094,55.39421164972639,92.0,WARNING,2021-06-18 16:01:42
A-0234,T5,9,9,0.0072,16.93714194968094,107.0,OK,2021-06-18 16:22:31
A-0234,T5,9,9,0.0677,22.420589200332675,94.0,OK,2021-06-18 16:25:49
A-0234,T5,9,9,0.4422,38.50112313367558,94.0,OK,2021-06-18 16:47:43
A-0234,T5,9,9,0.1783,24.67959023587284,102.0,OK,2021-06-18 16:51:05
A-0234,T5,9,9,1.0,42.592968109819445,96.0,OK,2021-06-18 17:43:57
A-0234,T5,9,9,0.7309,3804.717086539116,99.0,OK,1624038432000000000
A-0234,T5,9,9,0.9288,60.50725952631274,107.0,WARNING,2021-06-18 18:31:54
A-0234,T5,9,9,0.9633,48.82059869004108,110.0,OK,2021-06-18 18:39:25
A-0234,T5,9,9,0.5234,46.92943478217149,106.0,OK,2021-06-18 18:46:51
A-0234,T5,9,9,0.347,35.89016032198375,108.0,OK,2021-06-18 19:35:44
A-0234,T5,9,9,0.4212,29.099435929262853,101.0,OK,2021-06-18 19:44:08
A-0234,T5,9,9,0.387,42.81318443967395,109.0,OK,2021-06-18 20:20:46
A-0234,T5,9,9,0.5272,39.972655223483805,105.0,OK,2021-06-18 20:40:17
A-0234,T5,9,9,0.4509,35.40167660863226,91.0,OK,2021-06-18 20:42:14
A-0234,T5,9,9,0.463,33.67533374979356,114.0,OK,2021-06-18 20:42:56
A-0234,T5,9,9,0.8832,54.604379710299845,117.0,WARNING,2021-06-18 21:10:42
A-0234,T5,9,9,0.2101,22.070522930312183,90.0,OK,2021-06-18 21:34:22
A-0234,T5,9,9,0.3634,37.93056037361557,96.0,OK,2021-06-18 22:21:09
A-0234,T5,9,9,0.9503,53.550301751835946,106.0,WARNING,2021-06-18 22:24:22
A-0234,T5,9,9,0.2731,27.558652936430242,98.0,OK,2021-06-18 22:39:02
A-0234,T5,9,9,0.0095,26.09517403980402,102.0,OK,2021-06-18 22:39:23
A-0234,T5,9,9,0.0177,24.875078423058202,100.0,OK,2021-06-18 23:16:26
A-0234,T5,9,9,0.3435,42.060444963383446,122.0,OK,2021-06-18 23:45:53
A-0236,H100,11,9,0.4848,33.45159227209425,95.0,OK,2021-06-18 00:06:39
A-0236,H100,11,9,0.5332,40.360891902779116,93.0,OK,2021-06-18 01:13:14
A-0236,H100,11,9,0.6104,44.47171405276963,113.0,OK,2021-06-18 01:16:36
A-0236,H100,11,9,,,-999.0,AAAAA,2021-06-18 01:24:21
A-0236,H100,11,9,0.2237,27.112225317332257,91.0,OK,2021-06-18 02:24:14
A-0236,H100,11,9,0.0008,19.901348555032065,100.0,OK,2021-06-18 04:01:33
A-0236,H100,11,9,0.5925,53.84691074216154,91.0,WARNING,2021-06-18 04:14:02
A-0236,H100,11,9,0.2043,24.818623394012498,105.0,OK,2021-06-18 06:07:58
A-0236,H100,11,9,0.4759,33.17217426148839,105.0,OK,2021-06-18 07:33:29
A-0236,H100,11,9,0.0117,23.127371470240394,100.0,OK,2021-06-18 08:01:14
A-0236,H100,11,9,0.0395,18.047212335995873,104.0,OK,2021-06-18 08:17:37
A-0236,H100,11,9,0.4691,36.83601495300059,100.0,OK,2021-06-18 08:44:16
A-0236,H100,11,9,,,-999.0,AAAAA,2021-06-18 09:02:39
A-0236,H100,11,9,0.1342,27.518489947448803,100.0,OK,2021-06-18 09:09:35
A-0236,H100,11,9,0.2012,28.52988881408988,112.0,OK,2021-06-18 09:39:36
A-0236,H100,11,9,0.8689,61.234689337734686,104.0,WARNING,2021-06-18 09:43:16
A-0236,H100,11,9,0.5744,45.243541271084595,101.0,OK,2021-06-18 11:26:29
A-0236,H100,11,9,0.3137,35.39396987858605,101.0,OK,2021-06-18 11:39:03
A-0236,H100,11,9,0.2393,33.92903619086808,98.0,OK,2021-06-18 13:08:07
A-0236,H100,11,9,0.8883,50.273078581339945,112.0,WARNING,2021-06-18 13:08:20
A-0236,H100,11,9,0.2106,28.577479302213053,94.0,OK,2021-06-18 13:14:05
A-0236,H100,11,9,0.18,20.022026292484618,107.0,OK,2021-06-18 13:39:52
A-0236,H100,11,9,0.4962,42.04411006550298,101.0,OK,2021-06-18 13:41:17
A-0236,H100,11,9,0.7723,55.983485069035076,98.0,WARNING,2021-06-18 14:28:14
A-0236,H100,11,9,0.9539,59.221869191479755,89.0,WARNING,2021-06-18 14:40:57
A-0236,H100,11,9,0.0551,18.842044285382634,102.0,OK,2021-06-18 15:28:07
A-0236,H100,11,9,0.4791,37.519098914943484,98.0,OK,2021-06-18 15:52:34
A-0236,H100,11,9,0.1451,22.549942299897538,107.0,OK,2021-06-18 15:57:37
A-0236,H100,11,9,0.124,27.7857145398838,98.0,OK,2021-06-18 16:44:23
A-0236,H100,11,9,0.1277,13.792995399001285,101.0,OK,2021-06-18 18:24:01
A-0236,H100,11,9,0.3755,38.907809601847994,103.0,OK,2021-06-18 18:58:56
A-0236,H100,11,9,0.5794,46.114240416044325,105.0,OK,2021-06-18 19:04:02
A-0236,H100,11,9,0.4621,41.696328373368395,114.0,OK,2021-06-18 19:06:05
A-0236,H100,11,9,,,-999.0,AAAAA,2021-06-18 19:33:58
A-0236,H100,11,9,0.5107,43.01397556191934,96.0,OK,2021-06-18 20:05:41
A-0236,H100,11,9,0.5946,44.074223447065854,105.0,OK,2021-06-18 20:24:33
A-0236,H100,11,9,0.5475,40.39824080653256,99.0,OK,2021-06-18 21:07:09
A-0236,H100,11,9,0.4324,38.69025326528754,104.0,OK,2021-06-18 21:29:18
A-0236,H100,11,9,0.958,48.95937346671109,106.0,OK,2021-06-18 21:56:14
A-0236,H100,11,9,,,-999.0,AAAAA,2021-06-18 21:58:02
A-0236,H100,11,9,0.2264,22.899930333109253,104.0,OK,2021-06-18 22:37:45
A-0236,H100,11,9,0.5604,47.827823870816815,101.0,OK,2021-06-18 22:41:07
A-0236,H100,11,9,0.029,17.83239015617702,98.0,OK,2021-06-18 23:13:29
A-0236,H100,11,9,0.1287,28.323037347380364,118.0,OK,2021-06-18 23:31:00
A-0236,H100,11,9,0.2595,34.06331279285913,101.0,OK,2021-06-18 23:37:58
A-0236,H100,11,9,,,-999.0,AAAAA,2021-06-18 23:48:20
A-0298,CUDA 12.1,23,11,0.3585,26.54031925668285,102.0,OK,2021-06-18 00:01:04
A-0298,CUDA 12.1,23,11,0.5292,38.318430961214176,95.0,OK,2021-06-18 01:03:30
A-0298,CUDA 12.1,23,11,1.0,54.45682793497565,106.0,WARNING,2021-06-18 02:29:20
A-0298,CUDA 12.1,23,11,0.7858,62.110866534979706,107.0,WARNING,2021-06-18 04:16:24
A-0298,4090,23,11,0.6571,43.86752009623112,102.0,OK,2021-06-18 04:29:28
A-0298,4090,23,11,0.4354,44.82013307680239,102.0,OK,2021-06-18 05:11:54
A-0298,4090,23,11,0.244,31.941865179709872,101.0,OK,2021-06-18 05:49:40
A-0298,4090,23,11,0.3694,35.48189473398996,89.0,OK,2021-06-18 06:00:43
A-0298,4090,23,11,0.8578,49.25528636811272,90.0,OK,2021-06-18 06:07:28
A-0298,4090,23,11,0.5356,41.073766145979626,101.0,OK,2021-06-18 06:19:44
A-0298,4090,23,11,,,-999.0,AAAAA,2021-06-18 06:37:33
A-0298,4090,23,11,0.707,42.13809251129004,94.0,OK,2021-06-18 07:53:40
A-0298,4090,23,11,0.9988,67.8611168595291,109.0,WARNING,2021-06-18 08:12:03
A-0298,4090,23,11,0.9839,54.92052336980784,95.0,WARNING,2021-06-18 08:37:01
A-0298,4090,23,11,0.1129,20.722606718183826,102.0,OK,2021-06-18 08:42:55
A-0298,4090,23,11,0.5802,39.2067622731363,102.0,OK,2021-06-18 09:13:20
A-0298,4090,23,11,0.4427,31.968395804366253,108.0,OK,2021-06-18 09:30:38
A-0298,4090,23,11,0.2936,29.383186009032006,101.0,OK,2021-06-18 09:50:59
A-0298,4090,23,11,0.1072,12.450631676582216,83.0,OK,2021-06-18 10:04:20
A-0298,4090,23,11,0.0337,12.238465270507184,104.0,OK,2021-06-18 10:13:03
A-0298,4090,23,11,0.4424,42.71588905519525,98.0,OK,2021-06-18 10:35:56
A-0298,4090,23,11,0.3217,33.10510557636848,104.0,OK,2021-06-18 11:13:23
A-0298,4090,23,11,,,-999.0,AAAAA,2021-06-18 11:19:37
A-0298,4090,23,11,0.3373,32.993422115546984,104.0,OK,2021-06-18 11:21:08
A-0298,4090,23,11,0.1352,24.77873682247247,103.0,OK,2021-06-18 11:44:07
A-0298,4090,23,11,0.1966,31.14962125463661,109.0,OK,2021-06-18 11:51:45
A-0298,4090,23,11,0.1657,25.457296498427652,93.0,OK,2021-06-18 12:28:41
A-0298,4090,23,11,0.8395,58.62486400033327,92.0,WARNING,2021-06-18 12:35:16
A-0298,4090,23,11,0.3374,31.01525029623896,,OK,2021-06-18 12:51:27
A-0298,4090,23,11,0.6157,42.50571629579496,100.0,OK,2021-06-18 14:18:30
A-0298,4090,23,11,0.5172,4518.218294947012,98.0,OK,2021-06-18 14:24:02
A-0298,4090,23,11,0.8889,51.77780196932112,98.0,WARNING,2021-06-18 14:32:37
A-0298,4090,23,11,0.961,64.36734939392804,103.0,WARNING,2021-06-18 15:09:39
A-0298,4090,23,11,1.0,30.850562052709208,100.0,OK,2021-06-18 15:39:13
A-0298,4090,23,11,0.5249,44.15447458526231,99.0,OK,2021-06-18 16:21:37
A-0298,4090,23,11,0.8652,57.687371461335545,124.0,WARNING,2021-06-18 16:27:47
A-0298,4090,23,11,0.8556,51.08469367961312,101.0,WARNING,2021-06-18 18:01:01
A-0298,4090,23,11,0.465,32.63697053483459,95.0,OK,2021-06-18 18:47:23
A-0298,4090,23,11,0.2132,25.48109613863723,101.0,OK,2021-06-18 18:54:12
A-0298,4090,23,11,0.4163,25.565672424300693,107.0,OK,2021-06-18 19:07:40
A-0298,4090,23,11,0.3904,40.12693531030456,112.0,OK,2021-06-18 19:11:23
A-0298,4090,23,11,0.2708,35.057356525889354,98.0,OK,2021-06-18 19:32:30
A-0298,4090,23,11,0.3499,46.547918999270564,99.0,OK,2021-06-18 19:52:20
A-0298,4090,23,11,0.9231,56.482317369498006,96.0,WARNING,2021-06-18 20:23:59
A-0298,4090,23,11,0.7168,47.55518119457156,102.0,OK,2021-06-18 20:32:24
A-0298,4090,23,11,0.5468,36.62340295723175,99.0,OK,2021-06-18 20:37:27
A-0298,4090,23,11,0.8272,53.59731508246597,101.0,WARNING,2021-06-18 20:40:20
A-0298,4090,23,11,0.0074,26.434844654156386,110.0,OK,2021-06-18 21:37:26
A-0298,4090,23,11,0.7215,59.40977681191282,103.0,WARNING,2021-06-18 21:49:07
A-0298,4090,23,11,0.7404,46.910716152723445,100.0,OK,2021-06-18 22:09:07
A-0298,4090,23,11,0.2507,40.950194060708675,,OK,2021-06-18 23:32:00
A-0298,4090,23,11,0.3226,41.79754771995602,95.0,OK,2021-06-18 23:46:23
A-0298,4090,23,11,0.3881,33.59655502431608,106.0,OK,2021-06-18 23:58:47
A-0328,4090,3,13,0.7218,51.15767655401816,88.0,WARNING,2021-06-18 01:31:11
A-0328,4090,3,13,1.0,,-999.0,AAAAA,2021-06-18 03:31:12
A-0328,4090,3,13,0.997,54.699776143846435,81.0,WARNING,2021-06-18 03:32:02
A-0328,4090,3,13,0.5774,39.802406427458195,102.0,OK,2021-06-18 03:46:51
A-0328,4090,3,13,0.8025,47.092305300841744,105.0,OK,2021-06-18 04:03:40
A-0328,4090,3,13,0.5794,45.55831179273929,109.0,OK,2021-06-18 04:09:33
A-0328,4090,3,13,0.3694,41.3015415651375,104.0,OK,2021-06-18 04:26:14
A-0328,4090,3,13,0.64,42.613470218176246,101.0,OK,2021-06-18 04:34:33
A-0328,4090,3,13,0.143,18.226264838831682,101.0,OK,2021-06-18 04:59:30
A-0328,4090,3,13,0.9285,56.367318093210635,112.0,WARNING,2021-06-18 05:38:02
A-0328,4090,3,13,0.4013,43.553630989823304,121.0,OK,2021-06-18 05:49:09
A-0328,4090,3,13,0.4253,33.43882608903394,92.0,OK,2021-06-18 05:57:24
A-0328,4090,3,13,0.5309,42.05091279066785,95.0,OK,2021-06-18 06:00:39
A-0328,4090,3,13,0.2139,23.638115656540283,99.0,OK,2021-06-18 06:02:24
A-0328,4090,3,13,0.0092,17.42970551183891,103.0,OK,2021-06-18 06:26:00
A-0328,4090,3,13,0.3405,33.32229390962741,114.0,OK,2021-06-18 06:38:09
A-0328,4090,3,13,0.1435,30.039235020214146,101.0,OK,2021-06-18 07:15:25
A-0328,4090,3,13,0.4738,38.80606820965033,97.0,OK,2021-06-18 07:31:20
A-0328,4090,3,13,0.3171,32.79962531009887,102.0,OK,2021-06-18 07:38:10
A-0328,4090,3,13,0.4755,33.60330509090499,95.0,OK,2021-06-18 07:49:07
A-0328,4090,3,13,0.2149,24.677077981571777,96.0,OK,2021-06-18 08:11:35
A-0328,4090,3,13,,,-999.0,AAAAA,2021-06-18 09:33:34
A-0328,4090,3,13,0.7479,3742.032863252683,108.0,WARNING,2021-06-18 09:38:18
A-0328,4090,3,13,0.0757,29.424955787174945,104.0,OK,2021-06-18 09:43:19
A-0328,4090,3,13,0.0943,25.989757657288212,104.0,OK,2021-06-18 10:22:08
A-0328,4090,3,13,0.9039,51.629196254985445,97.0,WARNING,2021-06-18 10:47:06
A-0328,4090,3,13,,,-999.0,AAAAA,2021-06-18 10:51:17
A-0328,4090,3,13,0.2739,4230.118979324709,95.0,OK,2021-06-18 11:01:03
A-0328,4090,3,13,0.7241,51.49526010320363,95.0,WARNING,2021-06-18 11:08:22
A-0328,4090,3,13,0.8453,49.80305556470498,103.0,OK,2021-06-18 12:17:20
A-0328,4090,3,13,0.4902,44.367312618727446,107.0,OK,2021-06-18 12:55:53
A-0328,4090,3,13,,,-999.0,AAAAA,2021-06-18 13:12:10
A-0328,4090,3,13,,,-999.0,AAAAA,2021-06-18 13:23:01
A-0328,4090,3,13,0.8712,48.377961035314954,96.0,OK,2021-06-18 13:36:22
A-0328,4090,3,13,0.9808,59.49858908014853,93.0,WARNING,2021-06-18 13:38:29
A-0328,4090,3,13,0.3096,29.40175813747618,96.0,OK,2021-06-18 14:15:26
A-0328,4090,3,13,0.178,29.775576995087107,96.0,OK,2021-06-18 14:23:47
A-0328,4090,3,13,,,-999.0,AAAAA,2021-06-18 15:50:47
A-0328,4090,3,13,0.0947,25.89987009337523,106.0,OK,2021-06-18 16:22:51
A-0328,4090,3,13,0.2695,30.582691068329865,99.0,OK,2021-06-18 16:23:56
A-0328,4090,3,13,0.5,40.858426782582235,108.0,OK,2021-06-18 16:40:38
A-0328,4090,3,13,,,-999.0,AAAAA,2021-06-18 16:41:11
A-0328,4090,3,13,0.8718,55.05766415450767,90.0,WARNING,2021-06-18 16:45:48
A-0328,4090,3,13,0.7779,5162.087150455071,105.0,WARNING,2021-06-18 16:47:22
A-0328,4090,3,13,0.2299,18.952664564012128,96.0,OK,2021-06-18 17:29:54
A-0328,4090,3,13,0.2279,4684.0316109392825,105.0,OK,2021-06-18 17:30:29
A-0328,4090,3,13,0.4082,35.11055749059533,105.0,OK,2021-06-18 17:51:45
A-0328,4090,3,13,0.3425,34.804623348547544,109.0,OK,2021-06-18 18:00:32
A-0328,4090,3,13,0.9342,54.44380046813902,90.0,WARNING,2021-06-18 18:05:03
A-0328,4090,3,13,0.1421,32.624951239867464,97.0,OK,2021-06-18 19:36:33
A-0328,4090,3,13,0.3408,35.11068022100031,88.0,OK,2021-06-18 19:48:10
A-0328,4090,3,13,0.1352,24.860822247721558,114.0,OK,2021-06-18 20:13:31
A-0328,4090,3,13,0.118,23.751526567767744,100.0,OK,2021-06-18 20:25:55
A-0328,4090,3,13,0.9328,49.6619703109146,108.0,OK,2021-06-18 20:29:31
A-0328,4090,3,13,0.1187,32.66916931058097,106.0,OK,2021-06-18 20:36:18
A-0328,4090,3,13,0.7362,51.76559079832362,101.0,WARNING,2021-06-18 20:48:50
A-0328,4090,3,13,0.8803,59.03588495223907,,WARNING,2021-06-18 20:59:50
A-0328,4090,3,13,0.0173,21.887818779361993,99.0,OK,2021-06-18 21:44:27
A-0328,4090,3,13,0.175,24.793285520889327,95.0,OK,2021-06-18 22:04:53
A-0328,4090,3,13,0.4756,37.55432384984863,82.0,OK,2021-06-18 22:57:36
A-0328,4090,3,13,0.1578,23.856746170318253,99.0,OK,2021-06-18 23:14:26
A-0328,4090,3,13,0.451,4145.880242876255,98.0,OK,2021-06-18 23:34:34
A-0328,4090,3,13,0.4595,33.524358917510945,95.0,OK,2021-06-18 23:40:31
A-0335,T5,10,13,0.0559,29.43326998265956,104.0,OK,2021-06-18 00:12:35
A-0335,T5,10,13,0.5492,46.65166342954002,99.0,OK,2021-06-18 01:19:53
A-0335,T5,10,13,0.752,45.13823347710929,,OK,2021-06-18 01:37:34
A-0335,T5,10,13,0.6528,50.12253352468178,104.0,WARNING,2021-06-18 01:42:03
A-0335,T5,10,13,0.2647,29.777092704959493,102.0,OK,2021-06-18 01:57:16
A-0335,T5,10,13,0.6238,45.8567830761494,94.0,OK,2021-06-18 02:04:13
A-0335,T5,10,13,0.3043,26.112987137892326,105.0,OK,2021-06-18 03:11:47
A-0335,T5,10,13,,,-999.0,AAAAA,2021-06-18 03:34:33
A-0335,T5,10,13,0.0868,24.697246315727938,105.0,OK,2021-06-18 04:24:37
A-0335,T5,10,13,0.1388,34.506512780186156,94.0,OK,2021-06-18 05:40:58
A-0335,T5,10,13,0.0933,29.183087330962692,96.0,OK,2021-06-18 06:20:16
A-0335,T5,10,13,0.2546,33.021802414757026,99.0,OK,2021-06-18 06:41:03
A-0335,T5,10,13,0.7766,51.67603617247306,104.0,WARNING,2021-06-18 07:02:47
A-0335,T5,10,13,0.5338,28.973685140712973,100.0,OK,2021-06-18 07:35:55
A-0335,T5,10,13,0.0218,11.039593134420452,101.0,OK,2021-06-18 07:43:21
A-0335,T5,10,13,0.9031,62.53637061934713,98.0,WARNING,2021-06-18 08:31:55
A-0335,T5,10,13,0.6878,46.30812476873503,92.0,OK,2021-06-18 08:34:41
A-0335,T5,10,13,0.7044,51.15999611223082,92.0,WARNING,2021-06-18 09:52:37
A-0335,T5,10,13,0.4621,4162.156826441346,98.0,OK,2021-06-18 10:09:12
A-0335,T5,10,13,0.9372,56.21863249017408,110.0,WARNING,2021-06-18 10:30:20
A-0335,T5,10,13,0.2942,40.1965008593943,98.0,OK,2021-06-18 11:18:42
A-0335,T5,10,13,0.4182,35.282734020650594,99.0,OK,2021-06-18 12:36:33
A-0335,T5,10,13,0.8266,49.86201568010193,102.0,OK,2021-06-18 12:55:04
A-0335,T5,10,13,0.7831,53.83904663767396,109.0,WARNING,2021-06-18 14:04:19
A-0335,T5,10,13,0.53,42.86105554910188,91.0,OK,2021-06-18 14:59:30
A-0335,T5,10,13,0.4543,28.643232133027055,103.0,OK,2021-06-18 15:30:52
A-0335,T5,10,13,0.169,30.027988171642782,108.0,OK,2021-06-18 16:14:32
A-0335,T5,10,13,0.6977,47.14279063048627,100.0,OK,2021-06-18 16:25:32
A-0335,T5,10,13,0.7184,48.773470479758615,97.0,OK,2021-06-18 16:51:33
A-0335,T5,10,13,0.9855,53.36438800633344,93.0,WARNING,2021-06-18 17:11:14
A-0335,T5,10,13,0.9058,51.52690161661357,106.0,WARNING,2021-06-18 17:12:22
A-0335,T5,10,13,0.4111,35.08218788429037,113.0,OK,2021-06-18 17:25:24
A-0335,T5,10,13,0.9506,54.98362404707535,98.0,WARNING,2021-06-18 17:43:28
A-0335,T5,10,13,0.8766,55.37065432501219,106.0,WARNING,2021-06-18 17:59:36
A-0335,T5,10,13,0.973,55.72131592905137,105.0,WARNING,2021-06-18 18:01:41
A-0335,T5,10,13,0.1929,36.54690076695849,112.0,OK,2021-06-18 19:08:12
A-0335,T5,10,13,0.0985,17.058804083042553,91.0,OK,2021-06-18 20:09:05
A-0335,T5,10,13,0.02,11.569772320203151,94.0,OK,2021-06-18 20:17:47
A-0335,T5,10,13,0.2297,29.86159146752137,103.0,OK,2021-06-18 20:44:24
A-0335,T5,10,13,0.9538,53.45055620642377,98.0,WARNING,2021-06-18 21:03:01
A-0335,T5,10,13,0.7433,43.79849227796945,88.0,OK,2021-06-18 21:52:18
A-0335,T5,10,13,0.8497,49.119557632139,98.0,OK,2021-06-18 22:18:19
A-0335,T5,10,13,,,-999.0,AAAAA,2021-06-18 22:42:31
A-0335,T5,10,13,0.4109,35.886580029862586,99.0,OK,2021-06-18 23:08:21
A-0335,T5,10,13,0.4908,39.912301026331924,95.0,OK,2021-06-18 23:17:04
A-0335,T5,10,13,0.5601,39.612675623793784,100.0,OK,2021-06-18 23:19:29
A-0335,T5,10,13,0.3765,34.09701602107415,97.0,OK,2021-06-18 23:20:52
A-0335,T5,10,13,0.5075,33.67067051427314,97.0,OK,2021-06-18 23:25:59
A-0335,T5,10,13,0.81,41.40070450322918,96.0,OK,2021-06-18 23:30:36
A-0339,T5,14,13,,,-999.0,AAAAA,2021-06-18 00:13:42
A-0339,T5,14,13,0.1708,24.393915517364906,105.0,OK,2021-06-18 00:24:33
A-0339,T5,14,13,0.2764,34.002159243233045,100.0,OK,2021-06-18 00:28:03
A-0339,T5,14,13,1.0,22.031523584955757,91.0,OK,2021-06-18 01:32:04
A-0339,T5,14,13,0.027,15.927485550175216,94.0,OK,2021-06-18 02:24:39
A-0339,T5,14,13,0.2739,37.20102521814452,93.0,OK,2021-06-18 02:36:54
A-0339,T5,14,13,0.5872,50.78155177100156,108.0,WARNING,2021-06-18 02:40:16
A-0339,T5,14,13,0.1587,30.52359164332636,101.0,OK,2021-06-18 02:55:52
A-0339,T5,14,13,0.8405,55.35327172774542,96.0,WARNING,2021-06-18 02:57:22
A-0339,T5,14,13,0.5834,53.93599063864263,105.0,WARNING,2021-06-18 03:27:01
A-0339,T5,14,13,0.3065,27.011941053609412,93.0,OK,2021-06-18 03:36:23
A-0339,T5,14,13,,,-999.0,AAAAA,2021-06-18 04:09:14
A-0339,T5,14,13,0.2153,25.3599032054713,96.0,OK,2021-06-18 04:10:40
A-0339,T5,-1,99,0.8778,71.44281570685428,93.0,WARNING,2021-06-18 04:32:45
A-0339,T5,14,13,0.9961,54.64646659064363,93.0,WARNING,2021-06-18 04:43:41
A-0339,T5,14,13,0.4217,30.707832985613898,107.0,OK,2021-06-18 06:40:54
A-0339,T5,14,13,0.7466,52.33730310737554,114.0,WARNING,2021-06-18 08:55:49
A-0339,T5,14,13,,,-999.0,AAAAA,2021-06-18 09:07:16
A-0339,T5,14,13,0.0903,29.796052192539108,113.0,OK,2021-06-18 09:38:57
A-0339,T5,14,13,0.4529,39.32926609025699,98.0,OK,2021-06-18 10:38:19
A-0339,T5,14,13,0.2896,39.353082019044365,96.0,OK,2021-06-18 11:09:02
A-0339,T5,14,13,0.146,21.7916516291465,112.0,OK,2021-06-18 11:24:18
A-0339,T5,14,13,0.879,53.59736175048151,92.0,WARNING,2021-06-18 11:24:41
A-0339,T5,14,13,0.062,15.258789039899282,112.0,OK,2021-06-18 11:24:57
A-0339,T5,14,13,0.788,49.34885194252692,89.0,OK,2021-06-18 11:42:21
A-0339,T5,14,13,0.1693,18.446087353895727,101.0,OK,2021-06-18 11:51:39
A-0339,T5,14,13,0.9639,57.73027543402891,86.0,WARNING,2021-06-18 12:14:42
A-0339,T5,14,13,,,-999.0,AAAAA,2021-06-18 12:20:20
A-0339,T5,14,13,0.0381,31.89079618287764,97.0,OK,1624020377000000000
A-0339,T5,14,13,0.2631,18.71457611024403,97.0,OK,2021-06-18 12:48:15
A-0339,T5,14,13,0.0265,18.69947166192037,108.0,OK,2021-06-18 13:29:04
A-0339,T5,14,13,,,-999.0,AAAAA,2021-06-18 13:42:55
A-0339,T5,14,13,0.9239,64.1101154254186,97.0,WARNING,2021-06-18 14:13:22
A-0339,T5,14,13,0.6543,49.49723912238172,105.0,OK,2021-06-18 14:44:37
A-0339,T5,14,13,0.2818,26.535052840190446,95.0,OK,2021-06-18 15:43:33
A-0339,T5,14,13,0.4708,27.853908971041847,92.0,OK,2021-06-18 17:10:11
A-0339,T5,14,13,0.7361,48.819475750780384,93.0,OK,2021-06-18 18:16:19
A-0339,T5,14,13,0.9856,4130.7160019216435,101.0,WARNING,2021-06-18 19:51:49
A-0339,T5,14,13,0.7201,47.73803270546976,107.0,OK,2021-06-18 21:00:41
A-0339,T5,14,13,0.6212,45.422893822816356,95.0,OK,2021-06-18 21:33:50
A-0339,T5,14,13,0.5502,44.49868409425328,96.0,OK,2021-06-18 22:33:41
A-0339,T5,14,13,0.0944,21.0011247845824,100.0,OK,2021-06-18 22:35:19
A-0339,T5,14,13,0.8264,46.18966597157866,106.0,OK,2021-06-18 22:36:47
A-0339,T5,14,13,,,-999.0,AAAAA,2021-06-18 22:46:19
A-0339,T5,14,13,0.5998,44.09528823683357,98.0,OK,2021-06-18 23:41:07
A-0339,T5,14,13,0.1564,25.811090186755404,91.0,OK,2021-06-18 23:50:45
A-0339,T5,14,13,0.4475,36.8265688687099,104.0,OK,2021-06-18 23:58:59
A-0372,H100,-1,99,0.4394,45.59687793435247,91.0,OK,2021-06-18 00:11:46
A-0372,H100,22,14,0.5798,49.16821761480403,111.0,OK,2021-06-18 01:04:35
A-0372,H100,22,14,0.5953,40.708732415347164,105.0,OK,2021-06-18 01:11:16
A-0372,H100,22,14,0.2142,30.932220063066524,98.0,OK,2021-06-18 01:16:41
A-0372,H100,22,14,0.2762,35.29027765473424,100.0,OK,2021-06-18 02:11:08
A-0372,H100,22,14,0.9565,54.18630616734338,99.0,WARNING,2021-06-18 02:13:38
A-0372,H100,22,14,0.1258,26.36333312583935,93.0,OK,2021-06-18 02:34:18
A-0372,H100,22,14,0.2461,32.829411666075366,97.0,OK,2021-06-18 02:48:51
A-0372,H100,22,14,0.3365,30.163360862583975,98.0,OK,2021-06-18 03:44:21
A-0372,H100,22,14,0.1444,24.790478162443048,100.0,OK,2021-06-18 03:53:38
A-0372,H100,22,14,0.7963,50.66476887587388,97.0,WARNING,2021-06-18 04:18:20
A-0372,H100,22,14,0.2966,40.15522704004398,101.0,OK,2021-06-18 04:53:53
A-0372,H100,22,14,0.2379,33.86894404863895,96.0,OK,2021-06-18 05:05:40
A-0372,H100,22,14,0.2632,20.89623971353748,104.0,OK,2021-06-18 07:24:52
A-0372,H100,22,14,0.2962,28.19411945884002,88.0,OK,2021-06-18 07:44:13
A-0372,H100,22,14,0.6085,46.878973349099674,99.0,OK,2021-06-18 08:01:16
A-0372,H100,22,14,0.4738,38.96165209575003,96.0,OK,2021-06-18 08:09:33
A-0372,H100,22,14,0.7876,56.41155371881275,103.0,WARNING,2021-06-18 08:17:42
A-0372,H100,22,14,0.998,60.138155205587225,107.0,WARNING,2021-06-18 09:01:38
A-0372,H100,22,14,,,-999.0,AAAAA,2021-06-18 09:14:54
A-0372,H100,22,14,0.9544,63.722687109784246,94.0,WARNING,2021-06-18 09:34:52
A-0372,H100,22,14,0.013,24.345639139307934,103.0,OK,2021-06-18 09:55:23
A-0372,H100,22,14,0.6508,46.22116476192403,94.0,OK,2021-06-18 11:12:59
A-0372,H100,22,14,0.8435,48.174789042662056,101.0,OK,2021-06-18 11:43:15
A-0372,H100,22,14,0.5282,31.612936482133257,99.0,OK,2021-06-18 12:08:30
A-0372,H100,22,14,0.4033,37.15657701916278,95.0,OK,2021-06-18 12:14:38
A-0372,H100,22,14,0.5698,42.810298108694965,96.0,OK,2021-06-18 12:24:35
A-0372,H100,22,14,0.9374,60.64542905898627,111.0,WARNING,2021-06-18 12:37:17
A-0372,H100,22,14,0.707,55.62923312698579,105.0,WARNING,2021-06-18 12:47:21
A-0372,H100,22,14,0.943,54.91877113397725,103.0,WARNING,2021-06-18 13:24:38
A-0372,H100,22,14,0.2709,32.154542639302115,109.0,OK,2021-06-18 13:57:31
A-0372,H100,22,14,0.8392,38.64884005684458,106.0,OK,2021-06-18 14:53:42
A-0372,H100,22,14,0.1846,30.64177652953658,90.0,OK,2021-06-18 14:57:03
A-0372,H100,22,14,0.1395,34.52845743311596,102.0,OK,2021-06-18 16:34:18
A-0372,H100,22,14,0.1708,24.607552642585528,103.0,OK,2021-06-18 16:44:44
A-0372,H100,22,14,0.0018,24.030048469090154,105.0,OK,2021-06-18 17:37:45
A-0372,H100,22,14,0.9248,58.71230067137451,105.0,WARNING,2021-06-18 18:00:36
A-0372,H100,22,14,0.2471,22.573817564804646,111.0,OK,2021-06-18 18:44:56
A-0372,H100,22,14,0.9388,54.728056206667105,96.0,WARNING,2021-06-18 19:31:27
A-0372,H100,22,14,0.1779,22.06625592499168,93.0,OK,2021-06-18 20:16:59
A-0372,H100,22,14,0.4675,46.8614797421326,108.0,OK,2021-06-18 20:24:27
A-0372,H100,22,14,0.0919,11.004561927918928,118.0,OK,2021-06-18 20:25:26
A-0372,H100,22,14,0.7708,48.62871153616718,100.0,OK,2021-06-18 20:55:36
A-0372,H100,22,14,0.1918,33.50272112309281,91.0,OK,2021-06-18 21:01:17
A-0372,H100,22,14,0.2161,30.099915330863904,90.0,OK,2021-06-18 21:24:01
A-0372,H100,22,14,0.7943,50.16452313945487,90.0,WARNING,2021-06-18 21:55:05
A-0372,H100,22,14,0.6641,39.288517922243244,101.0,OK,2021-06-18 23:26:29
A-0372,H100,22,14,0.0336,27.55218447579839,104.0,OK,2021-06-18 23:33:50
A-0412,H100,12.0,16.0,0.4414,34.32821525531876,112.0,OK,2021-06-18 00:28:11
A-0412,H100,12.0,16.0,1.0,25.911282869507016,115.0,OK,2021-06-18 01:18:23
A-0412,H100,12.0,16.0,0.3388,26.033296660311827,96.0,OK,2021-06-18 02:03:26
A-0412,H100,12.0,16.0,0.7167,45.29495064661958,89.0,OK,2021-06-18 02:33:10
A-0412,H100,12.0,16.0,0.8593,53.63481484401201,106.0,WARNING,2021-06-18 02:40:02
A-0412,H100,12.0,16.0,0.1105,13.907668195797257,111.0,OK,2021-06-18 03:39:19
A-0412,H100,12.0,16.0,0.3453,29.39689139464432,95.0,OK,2021-06-18 03:42:21
A-0412,H100,12.0,16.0,0.0484,26.52331736934099,103.0,OK,2021-06-18 03:53:56
A-0412,H100,12.0,16.0,0.0447,18.427037672557965,102.0,OK,2021-06-18 03:58:43
A-0412,H100,12.0,16.0,0.2393,21.7221514216008,98.0,OK,2021-06-18 05:15:14
A-0412,H100,12.0,16.0,0.579,43.14813517031828,112.0,OK,2021-06-18 05:18:45
A-0412,H100,12.0,16.0,0.0711,31.798496257119233,102.0,OK,2021-06-18 05:38:52
A-0412,H100,12.0,16.0,0.7017,55.522967589238554,94.0,WARNING,2021-06-18 05:47:58
A-0412,H100,12.0,16.0,0.2959,36.026938020767155,94.0,OK,2021-06-18 06:00:50
A-0412,H100,12.0,16.0,0.783,46.07984167729176,96.0,OK,2021-06-18 06:03:03
A-0412,H100,12.0,16.0,0.7919,43.571916346041064,95.0,OK,2021-06-18 07:15:26
A-0412,H100,12.0,16.0,0.3722,31.970254827920524,88.0,OK,2021-06-18 07:45:00
A-0412,H100,12.0,16.0,0.9767,50.81296747208965,95.0,WARNING,2021-06-18 07:52:33
A-0412,H100,12.0,16.0,0.2091,18.94091906592392,96.0,OK,2021-06-18 08:11:32
A-0412,H100,12.0,16.0,0.648,44.84453766378716,94.0,OK,2021-06-18 08:51:11
A-0412,H100,12.0,16.0,0.045,17.220982632219872,99.0,OK,2021-06-18 09:12:42
A-0412,H100,12.0,16.0,0.9007,54.538838068269975,100.0,WARNING,2021-06-18 09:38:32
A-0412,H100,12.0,16.0,0.3677,39.49105297420653,105.0,OK,2021-06-18 09:58:46
A-0412,H100,12.0,16.0,0.6527,56.145851295189054,111.0,WARNING,2021-06-18 10:19:30
A-0412,H100,12.0,16.0,0.4867,38.54826740147916,104.0,OK,2021-06-18 10:21:27
A-0412,H100,12.0,16.0,0.5884,43.16926843305018,100.0,OK,2021-06-18 10:58:46
A-0412,H100,12.0,16.0,0.8412,56.33597670750625,108.0,WARNING,2021-06-18 11:26:49
A-0412,H100,12.0,16.0,0.0774,35.625094834878354,112.0,OK,2021-06-18 12:56:25
A-0412,H100,12.0,16.0,0.0992,23.53639418873744,92.0,OK,2021-06-18 13:20:40
A-0412,H100,12.0,16.0,0.0252,26.844095599094537,101.0,OK,2021-06-18 13:34:01
A-0412,H100,12.0,16.0,0.6435,48.41168295025247,99.0,OK,2021-06-18 13:34:59
A-0412,H100,12.0,16.0,,,-999.0,AAAAA,2021-06-18 13:54:25
A-0412,H100,12.0,16.0,0.237,31.55160838415113,91.0,OK,2021-06-18 15:39:28
A-0412,H100,12.0,16.0,0.7117,52.202729575161335,108.0,WARNING,2021-06-18 15:52:30
A-0412,H100,12.0,16.0,,,-999.0,AAAAA,2021-06-18 16:08:17
A-0412,H100,12.0,16.0,0.8898,60.81792024138117,95.0,WARNING,2021-06-18 17:39:54
A-0412,H100,12.0,16.0,0.9302,52.10357703991538,95.0,WARNING,2021-06-18 17:54:57
A-0412,H100,12.0,16.0,,,-999.0,AAAAA,2021-06-18 18:06:52
A-0412,H100,12.0,16.0,0.1747,4335.754700242126,97.0,OK,2021-06-18 18:14:00
A-0412,H100,12.0,16.0,0.1451,21.010749806539707,106.0,OK,2021-06-18 18:22:59
A-0412,H100,12.0,16.0,0.7979,39.49784398847322,106.0,OK,2021-06-18 19:06:53
A-0412,H100,12.0,16.0,0.1546,23.463698390402875,92.0,OK,2021-06-18 19:16:21
A-0412,H100,12.0,16.0,0.5614,39.61683207733088,115.0,OK,2021-06-18 19:17:22
A-0412,H100,12.0,16.0,0.7199,54.666267511493956,115.0,WARNING,2021-06-18 21:03:43
A-0412,H100,12.0,16.0,0.4091,28.355630638373945,103.0,OK,2021-06-18 22:00:46
A-0420,4090,20,16,0.5749,41.95260172057683,101.0,OK,2021-06-18 00:36:10
A-0420,4090,20,16,0.5216,43.08968028154398,107.0,OK,2021-06-18 00:36:56
A-0420,4090,20,16,,,-999.0,AAAAA,2021-06-18 00:40:52
A-0420,4090,20,16,0.1962,37.27147790946264,94.0,OK,2021-06-18 00:48:26
A-0420,4090,20,16,0.1163,19.76968333711195,107.0,OK,2021-06-18 00:48:48
A-0420,4090,20,16,0.85,49.08171109174405,94.0,OK,2021-06-18 00:54:20
A-0420,4090,20,16,0.6602,42.51723750471431,109.0,OK,2021-06-18 00:58:24
A-0420,4090,20,16,0.7686,52.26945226386996,94.0,WARNING,2021-06-18 01:04:49
A-0420,4090,20,16,0.0288,25.100851069411096,96.0,OK,2021-06-18 01:54:41
A-0420,4090,20,16,0.5724,44.815822632805926,100.0,OK,2021-06-18 02:40:19
A-0420,4090,20,16,0.0698,23.14551473865954,103.0,OK,2021-06-18 03:07:36
A-0420,4090,20,16,0.4258,34.66594729731784,93.0,OK,2021-06-18 03:26:20
A-0420,4090,20,16,0.9534,46.41010172531284,108.0,OK,2021-06-18 03:28:44
A-0420,4090,20,16,0.0062,14.807188107473769,95.0,OK,2021-06-18 03:29:24
A-0420,4090,20,16,0.8336,60.66597288064907,105.0,WARNING,2021-06-18 03:32:33
A-0420,4090,20,16,0.034,10.914672275370776,100.0,OK,2021-06-18 03:33:47
A-0420,4090,20,16,0.5258,38.14184662202672,108.0,OK,2021-06-18 05:59:32
A-0420,4090,20,16,0.7711,55.356466594471236,103.0,WARNING,2021-06-18 07:03:33
A-0420,4090,20,16,0.2059,23.622598597671345,94.0,OK,2021-06-18 08:44:45
A-0420,4090,20,16,0.3045,29.365941121817063,101.0,OK,2021-06-18 08:59:45
A-0420,4090,20,16,0.3254,26.465457060185678,107.0,OK,2021-06-18 09:06:15
A-0420,4090,20,16,0.2306,34.280575205152424,100.0,OK,2021-06-18 09:21:30
A-0420,4090,20,16,0.6489,43.342908969422155,107.0,OK,2021-06-18 09:41:42
A-0420,4090,20,16,0.3773,36.76039421874811,106.0,OK,2021-06-18 09:47:16
A-0420,4090,20,16,0.2401,31.776775649031713,93.0,OK,2021-06-18 10:01:09
A-0420,4090,20,16,0.2299,29.525229457827823,102.0,OK,2021-06-18 12:28:28
A-0420,4090,20,16,0.6211,41.7567562136136,97.0,OK,2021-06-18 12:47:47
A-0420,4090,20,16,0.0691,22.409582080285432,106.0,OK,2021-06-18 12:52:18
A-0420,4090,20,16,0.7374,50.21142182428097,109.0,WARNING,2021-06-18 13:27:45
A-0420,4090,20,16,0.1344,33.061358908428105,102.0,OK,2021-06-18 13:44:07
A-0420,4090,20,16,0.1626,30.25542991894478,99.0,OK,2021-06-18 15:30:00
A-0420,4090,20,16,0.7419,49.592859402278016,107.0,OK,2021-06-18 15:57:41
A-0420,4090,20,16,0.1877,19.72102669173809,108.0,OK,2021-06-18 16:00:17
A-0420,4090,20,16,0.5635,41.89745935551385,97.0,OK,2021-06-18 16:04:27
A-0420,4090,20,16,0.9888,46.787210971955844,103.0,OK,2021-06-18 16:06:42
A-0420,4090,20,16,0.1397,23.263254163657574,94.0,OK,2021-06-18 17:04:15
A-0420,4090,20,16,0.2961,45.98262659519864,100.0,OK,2021-06-18 17:06:16
A-0420,4090,20,16,0.2334,31.850865068676303,83.0,OK,2021-06-18 17:42:42
A-0420,4090,20,16,,,-999.0,AAAAA,2021-06-18 19:09:49
A-0420,4090,20,16,0.3546,26.49175645801177,90.0,OK,2021-06-18 19:14:02
A-0420,4090,20,16,0.5323,36.99355815184441,,OK,2021-06-18 19:39:27
A-0420,4090,20,16,0.2565,29.210001459977626,97.0,OK,2021-06-18 20:12:29
A-0420,4090,20,16,0.7618,56.562319025631645,111.0,WARNING,2021-06-18 20:25:24
A-0420,4090,20,16,0.5833,40.82701772645438,92.0,OK,2021-06-18 20:43:36
A-0420,4090,20,16,,,-999.0,AAAAA,2021-06-18 20:57:31
A-0420,4090,20,16,0.9293,58.605004734917586,99.0,WARNING,2021-06-18 21:40:07
A-0420,4090,20,16,0.6523,43.78026882597535,95.0,OK,2021-06-18 21:55:54
A-0420,4090,20,16,0.9987,64.99177322771013,99.0,WARNING,2021-06-18 22:11:35
A-0420,4090,20,16,0.4283,40.46488295379822,94.0,OK,2021-06-18 22:21:03
A-0420,4090,20,16,0.8618,60.186722563281684,87.0,WARNING,2021-06-18 23:09:53
A-0420,4090,20,16,0.9687,53.00699664503473,92.0,WARNING,2021-06-18 23:41:46
A-0421,4090,21,16,0.4463,41.75537860887583,111.0,OK,2021-06-18 00:03:45
A-0421,4090,21,16,0.5589,41.66341182632185,100.0,OK,2021-06-18 00:16:42
A-0421,4090,21,16,0.3125,30.964905950954346,107.0,OK,2021-06-18 00:27:11
A-0421,4090,21,16,0.3026,37.477490015258695,111.0,OK,2021-06-18 00:34:36
A-0421,4090,21,16,0.0042,24.14456768320968,88.0,OK,2021-06-18 00:43:57
A-0421,4090,21,16,0.448,48.89764420687885,110.0,OK,2021-06-18 00:46:33
A-0421,4090,21,16,0.709,46.93867864901564,84.0,OK,2021-06-18 00:56:19
A-0421,4090,21,16,0.1847,25.227901039046102,103.0,OK,2021-06-18 01:24:44
A-0421,4090,21,16,0.9473,55.04380474441127,103.0,WARNING,2021-06-18 01:37:05
A-0421,4090,21,16,0.5261,35.10962029730002,110.0,OK,2021-06-18 02:40:11
A-0421,4090,21,16,0.1884,30.098649048683722,112.0,OK,2021-06-18 03:03:17
A-0421,4090,21,16,0.1444,37.15817379435773,94.0,OK,2021-06-18 03:39:55
A-0421,4090,21,16,0.5513,51.961712085684695,115.0,WARNING,2021-06-18 03:52:05
A-0421,4090,21,16,0.4335,28.61300926530715,96.0,OK,2021-06-18 04:36:42
A-0421,4090,21,16,0.7189,51.27124756455045,103.0,WARNING,2021-06-18 05:01:25
A-0421,4090,21,16,0.2068,33.21633208579547,102.0,OK,2021-06-18 05:23:11
A-0421,4090,21,16,0.7687,61.157419852563564,101.0,WARNING,2021-06-18 05:32:15
A-0421,4090,21,16,0.6657,46.06554419312868,107.0,OK,2021-06-18 06:22:16
A-0421,4090,21,16,0.2691,33.02793891795052,99.0,OK,2021-06-18 06:50:50
A-0421,4090,21,16,,,-999.0,AAAAA,2021-06-18 07:29:57
A-0421,4090,21,16,0.917,49.83900402475606,97.0,OK,2021-06-18 07:32:28
A-0421,4090,21,16,0.4153,35.087376883720566,95.0,OK,2021-06-18 07:50:55
A-0421,4090,21,16,0.0703,4586.6059007227295,107.0,OK,2021-06-18 08:08:44
A-0421,4090,21,16,0.8352,56.86580596961634,103.0,WARNING,2021-06-18 08:11:21
A-0421,4090,21,16,0.3232,40.34423301538854,94.0,OK,2021-06-18 08:27:21
A-0421,4090,21,16,0.4382,31.4084409484304,107.0,OK,2021-06-18 08:37:23
A-0421,4090,21,16,0.2143,29.86311263890547,99.0,OK,2021-06-18 08:50:16
A-0421,4090,21,16,0.4779,37.93099076336693,105.0,OK,2021-06-18 08:57:10
A-0421,4090,21,16,0.8548,4475.798251767965,100.0,WARNING,2021-06-18 09:02:49
A-0421,4090,-1,99,0.6988,45.6164772704375,119.0,OK,2021-06-18 12:58:52
A-0421,4090,21,16,0.8282,55.88486470719114,107.0,WARNING,2021-06-18 13:14:05
A-0421,4090,21,16,0.144,18.782653321775275,90.0,OK,2021-06-18 13:41:41
A-0421,4090,21,16,0.9814,48.916122974774616,87.0,OK,2021-06-18 14:30:41
A-0421,4090,21,16,0.6602,46.73860498793765,93.0,OK,2021-06-18 14:37:44
A-0421,4090,21,16,0.922,60.33136399375643,97.0,WARNING,2021-06-18 16:40:40
A-0421,4090,21,16,0.8643,45.53050742569796,95.0,OK,2021-06-18 16:46:07
A-0421,4090,21,16,0.0981,19.328733872853714,102.0,OK,2021-06-18 17:40:57
A-0421,4090,21,16,,,-999.0,AAAAA,2021-06-18 18:04:28
A-0421,4090,21,16,0.6313,48.2650276606208,90.0,OK,2021-06-18 18:09:19
A-0421,4090,21,16,0.7862,48.762380831384746,98.0,OK,2021-06-18 18:34:16
A-0421,4090,21,16,0.597,48.63010261038792,111.0,OK,2021-06-18 18:48:03
A-0421,4090,21,16,0.4845,38.92345644065298,99.0,OK,2021-06-18 18:50:20
A-0421,4090,21,16,0.2878,28.856628881776466,104.0,OK,2021-06-18 18:58:43
A-0421,4090,21,16,0.0646,24.962600496803972,119.0,OK,2021-06-18 19:13:34
A-0421,4090,21,16,0.0614,20.39254509405793,98.0,OK,2021-06-18 19:23:33
A-0421,4090,21,16,0.2507,28.162916384527403,87.0,OK,2021-06-18 19:27:59
A-0421,4090,21,16,0.0868,31.519501230862282,93.0,OK,2021-06-18 20:06:42
A-0421,4090,21,16,0.494,43.54846077052893,95.0,OK,2021-06-18 20:12:30
A-0421,4090,21,16,0.9557,53.453017443947864,100.0,WARNING,2021-06-18 20:31:49
A-0421,4090,21,16,0.9282,55.62337560903911,105.0,WARNING,2021-06-18 20:39:05
A-0421,4090,21,16,0.0226,22.827517209149672,93.0,OK,2021-06-18 21:02:04
A-0421,4090,21,16,0.3122,32.73843136807087,101.0,OK,2021-06-18 21:26:22
A-0421,4090,21,16,0.5166,35.34713794811716,99.0,OK,2021-06-18 22:07:34
A-0432,H100,7,17,0.2662,28.618453847641398,104.0,OK,2021-06-18 00:02:46
A-0432,H100,7,17,0.488,48.83953368960522,105.0,OK,2021-06-18 00:33:26
A-0432,H100,7,17,,,-999.0,AAAAA,2021-06-18 00:45:30
A-0432,H100,7,17,,,-999.0,AAAAA,2021-06-18 01:53:30
A-0432,H100,7,17,0.1176,22.87950266492485,106.0,OK,2021-06-18 02:53:42
A-0432,H100,7,17,0.1081,23.427157118350504,101.0,OK,2021-06-18 03:30:48
A-0432,H100,7,17,0.1567,31.278783942544024,103.0,OK,2021-06-18 03:37:45
A-0432,H100,7,17,0.8135,45.25172043676734,93.0,OK,2021-06-18 06:06:54
A-0432,H100,7,17,0.0884,31.540343960555756,93.0,OK,2021-06-18 06:35:05
A-0432,H100,7,17,0.1664,18.974540927617223,94.0,OK,2021-06-18 06:38:59
A-0432,H100,7,17,0.0041,22.787323026900868,103.0,OK,2021-06-18 07:51:22
A-0432,H100,7,17,0.5897,42.40206243869165,117.0,OK,2021-06-18 08:25:37
A-0432,H100,7,17,0.9735,55.500102579661224,102.0,WARNING,2021-06-18 08:40:00
A-0432,H100,7,17,0.5674,46.99647832490143,99.0,OK,2021-06-18 08:51:48
A-0432,H100,7,17,0.1153,29.52800851913159,102.0,OK,2021-06-18 09:37:20
A-0432,H100,7,17,0.473,40.1804415227699,101.0,OK,2021-06-18 09:49:35
A-0432,H100,7,17,0.2928,31.8705348108777,90.0,OK,2021-06-18 11:46:59
A-0432,H100,7,17,0.2758,26.530571763789922,,OK,2021-06-18 11:49:37
A-0432,H100,7,17,0.7628,51.40102855285606,92.0,WARNING,2021-06-18 12:00:28
A-0432,H100,7,17,1.0,40.7950802571046,102.0,OK,2021-06-18 12:31:05
A-0432,H100,7,17,0.1869,30.070977122117068,95.0,OK,2021-06-18 12:55:14
A-0432,H100,7,17,0.9155,53.91410379309058,97.0,WARNING,2021-06-18 16:18:03
A-0432,H100,7,17,0.5517,42.42290083412074,102.0,OK,2021-06-18 16:48:37
A-0432,H100,7,17,0.3159,35.494012360734644,109.0,OK,2021-06-18 17:23:03
A-0432,H100,7,17,0.7763,52.05175033579222,114.0,WARNING,2021-06-18 19:47:03
A-0432,H100,7,17,0.4566,38.41815289112743,98.0,OK,2021-06-18 20:03:38
A-0432,H100,7,17,0.6219,47.97663515483982,103.0,OK,2021-06-18 20:04:43
A-0432,H100,7,17,0.0376,16.460514344014214,108.0,OK,2021-06-18 20:18:28
A-0432,H100,7,17,0.1544,27.550979927177618,113.0,OK,2021-06-18 20:32:54
A-0432,H100,7,17,0.0553,23.232019476325377,99.0,OK,2021-06-18 21:15:53
A-0432,H100,7,17,0.6147,48.129026884695435,106.0,OK,2021-06-18 21:27:50
A-0432,H100,7,17,0.6958,51.39479433313257,103.0,WARNING,2021-06-18 21:40:13
A-0432,H100,7,17,,,-999.0,AAAAA,2021-06-18 21:58:18
A-0432,H100,7,17,0.5419,47.5102482663242,109.0,OK,2021-06-18 22:07:30
A-0432,H100,7,17,0.0236,17.746291880572944,94.0,OK,2021-06-18 22:47:27
A-0432,H100,7,17,0.8369,52.04633730844018,98.0,WARNING,2021-06-18 23:42:46
A-0453,T5,3,18,0.0484,24.04268598735194,112.0,OK,2021-06-18 00:00:13
A-0453,T5,3,18,0.0191,15.661626184573418,103.0,OK,2021-06-18 00:01:40
A-0453,T5,3,18,0.2073,24.274834696656328,107.0,OK,2021-06-18 00:06:21
A-0453,T5,3,18,0.5325,46.244166219312376,99.0,OK,2021-06-18 00:07:44
A-0453,T5,3,18,0.1614,31.520547656468207,107.0,OK,2021-06-18 00:14:55
A-0453,T5,-1,99,0.8009,46.03342875697992,94.0,OK,2021-06-18 00:17:59
A-0453,T5,3,18,0.9558,59.473004151501456,104.0,WARNING,2021-06-18 00:57:43
A-0453,T5,3,18,0.3281,37.307324981035094,100.0,OK,2021-06-18 01:21:41
A-0453,T5,3,18,0.4756,40.09227950107018,104.0,OK,2021-06-18 01:30:57
A-0453,T5,3,18,0.1867,28.25371987346733,100.0,OK,2021-06-18 01:49:51
A-0453,T5,3,18,0.4499,41.08545990509073,106.0,OK,2021-06-18 02:43:45
A-0453,T5,3,18,0.9087,56.821883525092915,108.0,WARNING,2021-06-18 02:49:50
A-0453,T5,3,18,0.3647,35.11472080901721,97.0,OK,2021-06-18 02:58:52
A-0453,T5,3,18,0.3275,33.43125169221348,106.0,OK,2021-06-18 03:32:11
A-0453,T5,3,18,0.4919,52.51667885312503,101.0,WARNING,2021-06-18 03:51:32
A-0453,T5,3,18,0.1628,28.004929300292623,99.0,OK,2021-06-18 04:08:50
A-0453,T5,3,18,0.2594,37.029269878203955,97.0,OK,2021-06-18 04:46:01
A-0453,T5,3,18,0.0935,27.260454991430716,105.0,OK,2021-06-18 05:34:45
A-0453,T5,3,18,0.9315,65.81871489774804,94.0,WARNING,2021-06-18 06:52:02
A-0453,T5,3,18,0.1162,19.226881452525205,102.0,OK,2021-06-18 07:04:32
A-0453,T5,3,18,0.5156,46.91059069337548,106.0,OK,2021-06-18 07:32:38
A-0453,T5,3,18,0.1146,31.487862645479957,101.0,OK,2021-06-18 07:39:39
A-0453,T5,3,18,0.6293,38.51328742035756,95.0,OK,2021-06-18 09:33:45
A-0453,T5,3,18,0.351,29.50597039784717,98.0,OK,2021-06-18 09:46:35
A-0453,T5,3,18,0.1122,28.654835343448532,101.0,OK,2021-06-18 09:58:10
A-0453,T5,3,18,0.9063,54.86288132844508,105.0,WARNING,2021-06-18 10:01:32
A-0453,T5,3,18,0.1847,28.762876383279387,96.0,OK,2021-06-18 10:31:24
A-0453,T5,3,18,0.8098,53.11291236922208,100.0,WARNING,2021-06-18 11:21:51
A-0453,T5,3,18,0.1893,32.12129808249562,96.0,OK,2021-06-18 11:40:50
A-0453,T5,3,18,0.912,54.301078933489904,96.0,WARNING,2021-06-18 12:47:10
A-0453,T5,3,18,0.0692,19.456611015608893,83.0,OK,2021-06-18 13:12:05
A-0453,T5,3,18,0.2637,34.71972953360359,100.0,OK,2021-06-18 13:17:00
A-0453,T5,3,18,0.2276,32.25058218780399,89.0,OK,2021-06-18 13:28:20
A-0453,T5,3,18,0.5609,45.4833742304127,104.0,OK,2021-06-18 13:29:13
A-0453,T5,3,18,0.7931,54.79764771647513,90.0,WARNING,2021-06-18 13:58:25
A-0453,T5,3,18,0.4934,35.251199550393906,98.0,OK,2021-06-18 14:00:07
A-0453,T5,3,18,0.2004,26.635757443816683,96.0,OK,2021-06-18 14:02:05
A-0453,T5,3,18,0.8103,57.27063815215375,104.0,WARNING,2021-06-18 14:22:20
A-0453,T5,3,18,0.6517,47.279820591404466,105.0,OK,2021-06-18 14:23:23
A-0453,T5,3,18,0.4882,34.629178432089006,110.0,OK,2021-06-18 14:47:26
A-0453,T5,3,18,0.0652,23.047776454954374,97.0,OK,2021-06-18 15:24:23
A-0453,T5,3,18,0.398,36.72118594875863,94.0,OK,2021-06-18 15:56:34
A-0453,T5,3,18,0.5716,47.508257257253554,96.0,OK,2021-06-18 16:15:06
A-0453,T5,3,18,0.4797,37.30524580642249,92.0,OK,2021-06-18 17:55:51
A-0453,T5,3,18,,,-999.0,AAAAA,2021-06-18 18:18:02
A-0453,T5,3,18,0.8507,57.08309989819017,95.0,WARNING,2021-06-18 18:30:08
A-0453,T5,3,18,0.4495,35.64978437716172,91.0,OK,2021-06-18 19:02:38
A-0453,T5,3,18,0.9426,56.78164683736953,105.0,WARNING,2021-06-18 19:24:20
A-0453,T5,3,18,0.4958,49.39676747567844,98.0,OK,2021-06-18 19:38:22
A-0453,T5,3,18,0.9055,50.107525414803376,95.0,WARNING,2021-06-18 20:20:43
A-0453,T5,3,18,0.4432,38.69381397492581,98.0,OK,2021-06-18 21:17:43
A-0453,T5,3,18,0.915,49.30402191013159,93.0,OK,2021-06-18 21:23:30
A-0453,T5,3,18,0.5735,47.52595086484029,95.0,OK,2021-06-18 22:33:59
A-0554,T5,4,22,0.8057,50.322406979922434,106.0,WARNING,2021-06-18 00:07:41
A-0554,T5,4,22,0.0995,17.349759636363455,100.0,OK,2021-06-18 00:17:49
A-0554,T5,4,22,0.57,40.96194427161813,109.0,OK,2021-06-18 00:37:31
A-0554,T5,4,22,0.8127,55.36627789586105,100.0,WARNING,2021-06-18 00:40:09
A-0554,T5,4,22,0.6333,47.91872100735078,87.0,OK,2021-06-18 01:54:21
A-0554,T5,4,22,0.0742,17.355544178872787,99.0,OK,2021-06-18 05:25:59
A-0554,T5,4,22,0.2748,26.523922253538345,95.0,OK,2021-06-18 05:36:57
A-0554,T5,4,22,0.826,60.285160704765175,100.0,WARNING,2021-06-18 06:24:20
A-0554,T5,4,22,0.2666,38.39454782589699,101.0,OK,2021-06-18 07:11:45
A-0554,T5,4,22,0.5765,43.828729731579216,84.0,OK,2021-06-18 08:14:05
A-0554,T5,4,22,,,-999.0,AAAAA,2021-06-18 09:09:28
A-0554,T5,4,22,0.7341,51.63663714021985,114.0,WARNING,2021-06-18 09:16:08
A-0554,T5,4,22,0.5494,46.716784009309414,106.0,OK,2021-06-18 09:24:07
A-0554,T5,4,22,0.4218,27.415913474328413,95.0,OK,2021-06-18 09:24:07
A-0554,T5,4,22,0.22,27.301510227742146,103.0,OK,2021-06-18 10:35:36
A-0554,T5,4,22,0.0377,18.327803160822754,88.0,OK,2021-06-18 11:09:58
A-0554,T5,4,22,0.915,4660.987675080984,99.0,WARNING,2021-06-18 11:45:36
A-0554,T5,4,22,0.6942,49.09007473249291,,OK,2021-06-18 12:47:54
A-0554,T5,4,22,0.9098,56.08983817219391,101.0,WARNING,2021-06-18 13:13:15
A-0554,T5,4,22,0.3019,34.41976301260356,93.0,OK,2021-06-18 15:12:22
A-0554,T5,4,22,0.4816,44.052221352160295,98.0,OK,2021-06-18 15:14:47
A-0554,T5,4,22,0.9353,59.16668006443973,96.0,WARNING,2021-06-18 15:45:50
A-0554,T5,4,22,,,-999.0,AAAAA,2021-06-18 15:47:36
A-0554,T5,4,22,0.9814,66.9652808008101,99.0,WARNING,2021-06-18 16:07:17
A-0554,T5,4,22,0.6341,51.189738533932754,109.0,WARNING,2021-06-18 16:33:33
A-0554,T5,4,22,0.084,32.188458701381386,85.0,OK,2021-06-18 17:14:26
A-0554,T5,4,22,0.5398,42.19865391898206,96.0,OK,2021-06-18 17:43:39
A-0554,T5,4,22,0.4464,38.88713940907044,86.0,OK,2021-06-18 18:11:17
A-0554,T5,4,22,0.7849,48.19355672745164,102.0,OK,2021-06-18 18:51:04
A-0554,T5,4,22,0.718,57.91049739194233,97.0,WARNING,2021-06-18 18:54:35
A-0554,T5,4,22,0.3386,32.476873896155226,93.0,OK,2021-06-18 18:57:09
A-0554,T5,4,22,,,-999.0,AAAAA,2021-06-18 19:00:02
A-0554,T5,4,22,0.0404,22.014668367587625,101.0,OK,2021-06-18 19:31:36
A-0554,T5,4,22,0.2064,26.787505380718923,102.0,OK,2021-06-18 20:02:58
A-0554,T5,4,22,0.6122,42.72348515579423,97.0,OK,2021-06-18 20:26:13
A-0554,T5,4,22,0.8246,48.51955430534518,105.0,OK,2021-06-18 20:32:14
A-0554,T5,4,22,0.2192,36.025337519226746,105.0,OK,2021-06-18 20:36:26
A-0554,T5,4,22,0.9477,55.22541004114641,101.0,WARNING,2021-06-18 20:38:02
A-0554,T5,4,22,0.1801,29.930640148771904,106.0,OK,2021-06-18 22:25:52
A-0554,T5,4,22,0.4928,35.6008708759023,108.0,OK,2021-06-18 22:39:59
A-0554,T5,4,22,0.2081,28.340957572207678,91.0,OK,2021-06-18 22:50:12
A-0554,T5,4,22,0.5261,26.767623698039294,96.0,OK,2021-06-18 23:16:03
A-0600,T5,0,24,0.6454,41.953461414100914,104.0,OK,2021-06-18 02:03:23
A-0600,T5,0,24,0.2815,35.13565236376084,109.0,OK,2021-06-18 02:22:26
A-0600,T5,0,24,1.0,37.8828620527144,95.0,OK,2021-06-18 02:33:16
A-0600,T5,0,24,0.9209,56.90169080635502,,WARNING,2021-06-18 02:40:14
A-0600,T5,0,24,0.9619,59.39913871488103,102.0,WARNING,2021-06-18 03:03:52
A-0600,T5,0,24,0.3888,38.37912102291471,88.0,OK,2021-06-18 03:30:22
A-0600,T5,0,24,0.7939,52.70922465703784,87.0,WARNING,2021-06-18 04:36:43
A-0600,T5,0,24,0.7129,46.06573721333625,,OK,2021-06-18 05:32:54
A-0600,T5,0,24,0.079,19.012146613761427,93.0,OK,2021-06-18 05:48:41
A-0600,T5,0,24,0.7433,41.60458844953049,94.0,OK,2021-06-18 06:02:22
A-0600,T5,0,24,0.2709,27.31005148678189,89.0,OK,2021-06-18 06:03:57
A-0600,T5,0,24,0.5938,36.90693092836562,105.0,OK,2021-06-18 06:25:51
A-0600,T5,0,24,0.2289,27.951593145351158,97.0,OK,2021-06-18 07:24:11
A-0600,T5,0,24,0.4285,41.82919885019128,104.0,OK,2021-06-18 08:14:31
A-0600,T5,0,24,0.3683,39.84984028017147,100.0,OK,2021-06-18 08:28:59
A-0600,T5,0,24,0.28,37.56750915891506,104.0,OK,2021-06-18 09:11:06
A-0600,T5,0,24,0.6476,51.85190080810701,111.0,WARNING,2021-06-18 09:42:34
A-0600,T5,0,24,0.5218,43.89512037911086,105.0,OK,2021-06-18 09:43:53
A-0600,T5,0,24,0.78,51.094395887227755,106.0,WARNING,2021-06-18 09:54:20
A-0600,T5,0,24,0.2449,23.814464396886716,103.0,OK,2021-06-18 10:17:16
A-0600,T5,0,24,,,-999.0,AAAAA,2021-06-18 10:51:39
A-0600,T5,0,24,0.4443,43.87280989985672,92.0,OK,2021-06-18 10:55:17
A-0600,T5,0,24,0.6342,45.852334244832704,100.0,OK,2021-06-18 11:51:33
A-0600,T5,0,24,0.4415,34.23658392100208,98.0,OK,2021-06-18 12:14:30
A-0600,T5,0,24,1.0,57.50585052206878,106.0,WARNING,2021-06-18 12:32:55
A-0600,T5,0,24,0.856,51.02987208748531,107.0,WARNING,2021-06-18 12:41:18
A-0600,T5,0,24,0.6648,35.07553286077115,103.0,OK,2021-06-18 13:11:41
A-0600,T5,0,24,0.3752,37.35639661060796,97.0,OK,2021-06-18 13:49:41
A-0600,T5,-1,99,0.071,25.34485874806368,112.0,OK,2021-06-18 14:21:34
A-0600,T5,0,24,0.7399,47.79723338896791,94.0,OK,2021-06-18 14:40:26
A-0600,T5,0,24,0.1688,20.061191889151544,102.0,OK,2021-06-18 15:15:03
A-0600,T5,0,24,1.0,23.693304501886974,99.0,OK,2021-06-18 15:32:07
A-0600,T5,0,24,0.3134,28.327055786733077,105.0,OK,2021-06-18 15:59:54
A-0600,T5,0,24,0.4152,28.606292654802612,100.0,OK,2021-06-18 16:05:14
A-0600,T5,0,24,0.7914,47.45945223215331,95.0,OK,2021-06-18 16:34:47
A-0600,T5,0,24,0.0875,23.908413247741752,98.0,OK,2021-06-18 16:58:51
A-0600,T5,0,24,0.9525,56.333040744417296,94.0,WARNING,2021-06-18 17:25:05
A-0600,T5,0,24,0.0021,22.63867763792946,84.0,OK,2021-06-18 17:33:10
A-0600,T5,0,24,0.0231,22.395749522573624,95.0,OK,2021-06-18 17:39:24
A-0600,T5,0,24,0.5104,34.75296841260863,93.0,OK,2021-06-18 17:47:15
A-0600,T5,0,24,0.0395,23.38205096498527,105.0,OK,2021-06-18 17:50:53
A-0600,T5,0,24,0.8266,51.540009478224135,103.0,WARNING,2021-06-18 18:40:29
A-0600,T5,0,24,0.8546,55.41624262413839,109.0,WARNING,2021-06-18 19:00:55
A-0600,T5,0,24,0.485,33.59741866084135,101.0,OK,2021-06-18 19:03:52
A-0600,T5,0,24,,,-999.0,AAAAA,2021-06-18 19:24:51
A-0600,T5,0,24,,,-999.0,AAAAA,2021-06-18 19:35:55
A-0600,T5,0,24,0.3791,32.6415010944093,110.0,OK,2021-06-18 20:31:38
A-0600,T5,0,24,0.5231,44.46549902163002,99.0,OK,2021-06-18 21:05:00
A-0600,T5,0,24,0.9569,53.48888709667734,93.0,WARNING,2021-06-18 21:08:05
A-0600,T5,0,24,0.112,23.50878753835588,90.0,OK,2021-06-18 21:08:40
A-0600,T5,0,24,0.3414,26.907077717622695,102.0,OK,2021-06-18 21:24:03
A-0605,A100,5,24,0.0439,25.618218035642606,107.0,OK,2021-06-18 00:30:52
A-0605,A100,5,24,0.6986,39.44937494119736,94.0,OK,2021-06-18 00:39:02
A-0605,A100,5,24,0.3928,38.689450298847355,105.0,OK,2021-06-18 01:05:01
A-0605,A100,5,24,0.7073,39.351010864380356,112.0,OK,2021-06-18 01:52:27
A-0605,A100,5,24,0.381,30.007031776172852,103.0,OK,2021-06-18 02:11:13
A-0605,A100,-1,99,0.3157,37.501348897478714,98.0,OK,2021-06-18 02:37:31
A-0605,A100,5,24,0.6544,50.54282839655451,88.0,WARNING,2021-06-18 02:51:31
A-0605,A100,5,24,0.1411,25.145300051463867,86.0,OK,2021-06-18 03:48:25
A-0605,A100,5,24,0.9809,53.1454435608996,100.0,WARNING,2021-06-18 04:22:08
A-0605,A100,5,24,0.2747,23.883978938446695,96.0,OK,2021-06-18 04:22:41
A-0605,A100,5,24,0.8882,53.858041729723325,105.0,WARNING,2021-06-18 04:32:05
A-0605,A100,5,24,0.4799,30.091840557809533,109.0,OK,2021-06-18 05:42:48
A-0605,A100,5,24,0.0879,27.559546367090032,91.0,OK,2021-06-18 05:49:44
A-0605,A100,5,24,0.0897,16.301017203810908,99.0,OK,2021-06-18 06:32:49
A-0605,A100,5,24,0.7265,51.43300475229366,97.0,WARNING,2021-06-18 07:00:34
A-0605,A100,5,24,0.6148,42.68016236900763,107.0,OK,2021-06-18 07:19:13
A-0605,A100,5,24,0.3488,31.542416873036395,102.0,OK,2021-06-18 07:19:18
A-0605,A100,5,24,0.9166,61.56906559455417,104.0,WARNING,2021-06-18 08:16:42
A-0605,A100,5,24,0.0189,21.449210543009364,102.0,OK,2021-06-18 09:06:58
A-0605,A100,5,24,0.7487,57.82008405941735,97.0,WARNING,2021-06-18 09:27:48
A-0605,A100,5,24,,,-999.0,AAAAA,2021-06-18 10:31:23
A-0605,A100,5,24,0.9761,56.08899076472983,109.0,WARNING,2021-06-18 10:58:07
A-0605,A100,5,24,,,-999.0,AAAAA,2021-06-18 11:24:11
A-0605,A100,5,24,0.6215,45.731056384099915,95.0,OK,2021-06-18 11:25:17
A-0605,A100,5,24,0.931,50.709067244293735,103.0,WARNING,2021-06-18 11:26:28
A-0605,A100,5,24,0.7942,59.57762664760518,105.0,WARNING,2021-06-18 11:28:17
A-0605,A100,5,24,0.6025,52.699176872683694,97.0,WARNING,2021-06-18 12:38:36
A-0605,A100,5,24,0.6605,46.04081116401014,112.0,OK,2021-06-18 14:01:14
A-0605,A100,5,24,0.473,38.02112987389622,98.0,OK,2021-06-18 14:02:47
A-0605,A100,5,24,0.1057,16.61973010829725,89.0,OK,2021-06-18 14:13:02
A-0605,A100,5,24,0.861,56.162071238081445,87.0,WARNING,2021-06-18 14:23:01
A-0605,A100,5,24,0.9178,60.86332075101422,100.0,WARNING,2021-06-18 14:53:54
A-0605,A100,5,24,0.9995,53.29476823566372,97.0,WARNING,2021-06-18 15:10:12
A-0605,A100,5,24,0.5501,46.34667131863071,110.0,OK,2021-06-18 15:30:21
A-0605,A100,5,24,0.9061,46.59481608769458,112.0,OK,2021-06-18 17:06:21
A-0605,A100,5,24,0.4865,35.80624930970336,105.0,OK,2021-06-18 17:11:09
A-0605,A100,5,24,0.7494,52.69987998206228,84.0,WARNING,2021-06-18 18:01:48
A-0605,A100,5,24,0.9912,60.25102294760754,106.0,WARNING,2021-06-18 18:06:53
A-0605,A100,-1,99,0.6281,58.5054548057888,101.0,WARNING,2021-06-18 18:44:30
A-0605,A100,5,24,,,-999.0,AAAAA,2021-06-18 18:46:48
A-0605,A100,5,24,0.3725,34.2458148878668,91.0,OK,2021-06-18 18:47:40
A-0605,A100,5,24,0.4588,30.703566944104118,94.0,OK,2021-06-18 19:38:59
A-0605,A100,5,24,0.4984,38.763943209921045,108.0,OK,2021-06-18 19:40:50
A-0605,A100,5,24,0.9843,62.825257460822066,121.0,WARNING,2021-06-18 19:40:50
A-0605,A100,5,24,0.8496,60.55546552449739,98.0,WARNING,2021-06-18 20:02:26
A-0605,A100,5,24,0.7998,57.6735895759887,93.0,WARNING,2021-06-18 20:13:25
A-0605,A100,5,24,0.914,49.318759936660015,94.0,OK,2021-06-18 21:12:36
A-0605,A100,5,24,0.981,49.92449593092565,103.0,OK,2021-06-18 21:44:44
A-0605,A100,5,24,0.87,57.97803391316764,104.0,WARNING,2021-06-18 22:09:00
A-0605,A100,5,24,0.2986,21.355600769808884,109.0,OK,2021-06-18 22:51:21
A-0605,A100,5,24,0.546,43.744322743709716,106.0,OK,2021-06-18 23:18:02
A-0605,A100,5,24,,,-999.0,AAAAA,2021-06-18 23:55:14
